product_id,sku_id,variant_type,variant_name,variant_description,variant_url,list_price,sale_price,size_text,availability,swatch_image_url,variant_image_url,ingredient_set_id
pimprod2057355,2651970,color,0N1 Alabaster,lightest with neutral undertones,https://www.ulta.com/p/double-wear-stay-in-place-longwear-matte-foundation-pimprod2057355?sku=2651970,52.0,,1.0 oz,InStock,https://media.ultainc.com/i/ulta/2651970_sw?img404=2651970&w=80&fmt=auto,https://media.ultainc.com/i/ulta/2651970?w=500&h=500,7504fc4671712f74cee9be963f0736dc2a3054032beca7a50cb14b025b307cfc
pimprod2057355,2651971,color,1C0 Shell,very light with cool pink undertones,https://www.ulta.com/p/double-wear-stay-in-place-longwear-matte-foundation-pimprod2057355?sku=2651971,52.0,,1.0 oz,InStock,https://media.ultainc.com/i/ulta/2651971_sw?img404=2651971&w=80&fmt=auto,https://media.ultainc.com/i/ulta/2651971?w=500&h=500,7504fc4671712f74cee9be963f0736dc2a3054032beca7a50cb14b025b307cfc
pimprod2057355,2651972,color,1C1 Cool Bone,light with cool rosy-peach undertones,https://www.ulta.com/p/double-wear-stay-in-place-longwear-matte-foundation-pimprod2057355?sku=2651972,52.0,,1.0 oz,InStock,https://media.ultainc.com/i/ulta/2651972_sw?img404=2651972&w=80&fmt=auto,https://media.ultainc.com/i/ulta/2651972?w=500&h=500,7504fc4671712f74cee9be963f0736dc2a3054032beca7a50cb14b025b307cfc
pimprod2057355,2651973,color,1N0 Porcelain,very light with neutral undertones,https://www.ulta.com/p/double-wear-stay-in-place-longwear-matte-foundation-pimprod2057355?sku=2651973,52.0,,1.0 oz,InStock,https://media.ultainc.com/i/ulta/2651973_sw?img404=2651973&w=80&fmt=auto,https://media.ultainc.com/i/ulta/2651973?w=500&h=500,7504fc4671712f74cee9be963f0736dc2a3054032beca7a50cb14b025b307cfc
pimprod2057355,2651974,color,1N1 Ivory Nude,light with neutral peach undertones,https://www.ulta.com/p/double-wear-stay-in-place-longwear-matte-foundation-pimprod2057355?sku=2651974,52.0,,1.0 oz,InStock,https://media.ultainc.com/i/ulta/2651974_sw?img404=2651974&w=80&fmt=auto,https://media.ultainc.com/i/ulta/2651974?w=500&h=500,7504fc4671712f74cee9be963f0736dc2a3054032beca7a50cb14b025b307cfc
pimprod2057355,2651975,color,1N2 Ecru,light with neutral rosy undertones,https://www.ulta.com/p/double-wear-stay-in-place-longwear-matte-foundation-pimprod2057355?sku=2651975,52.0,,1.0 oz,InStock,https://media.ultainc.com/i/ulta/2651975_sw?img404=2651975&w=80&fmt=auto,https://media.ultainc.com/i/ulta/2651975?w=500&h=500,7504fc4671712f74cee9be963f0736dc2a3054032beca7a50cb14b025b307cfc
pimprod2057355,2651976,color,1W0 Warm Porcelain,very light with warm peach undertones,https://www.ulta.com/p/double-wear-stay-in-place-longwear-matte-foundation-pimprod2057355?sku=2651976,52.0,,1.0 oz,InStock,https://media.ultainc.com/i/ulta/2651976_sw?img404=2651976&w=80&fmt=auto,https://media.ultainc.com/i/ulta/2651976?w=500&h=500,7504fc4671712f74cee9be963f0736dc2a3054032beca7a50cb14b025b307cfc
pimprod2057355,2651977,color,1W1 Bone,light with warm undertones,https://www.ulta.com/p/double-wear-stay-in-place-longwear-matte-foundation-pimprod2057355?sku=2651977,52.0,,1.0 oz,InStock,https://media.ultainc.com/i/ulta/2651977_sw?img404=2651977&w=80&fmt=auto,https://media.ultainc.com/i/ulta/2651977?w=500&h=500,7504fc4671712f74cee9be963f0736dc2a3054032beca7a50cb14b025b307cfc
pimprod2057355,2651978,color,1W2 Sand,light with warm subtle olive undertones,https://www.ulta.com/p/double-wear-stay-in-place-longwear-matte-foundation-pimprod2057355?sku=2651978,52.0,,1.0 oz,InStock,https://media.ultainc.com/i/ulta/2651978_sw?img404=2651978&w=80&fmt=auto,https://media.ultainc.com/i/ulta/2651978?w=500&h=500,7504fc4671712f74cee9be963f0736dc2a3054032beca7a50cb14b025b307cfc
pimprod2057355,2651979,color,2C0 Cool Vanilla,light-medium with cool pink undertones,https://www.ulta.com/p/double-wear-stay-in-place-longwear-matte-foundation-pimprod2057355?sku=2651979,52.0,,1.0 oz,InStock,https://media.ultainc.com/i/ulta/2651979_sw?img404=2651979&w=80&fmt=auto,https://media.ultainc.com/i/ulta/2651979?w=500&h=500,7504fc4671712f74cee9be963f0736dc2a3054032beca7a50cb14b025b307cfc
pimprod2057355,2651980,color,2C1 Pure Beige,light-medium with cool pink-peach undertones,https://www.ulta.com/p/double-wear-stay-in-place-longwear-matte-foundation-pimprod2057355?sku=2651980,52.0,,1.0 oz,InStock,https://media.ultainc.com/i/ulta/2651980_sw?img404=2651980&w=80&fmt=auto,https://media.ultainc.com/i/ulta/2651980?w=500&h=500,7504fc4671712f74cee9be963f0736dc2a3054032beca7a50cb14b025b307cfc
pimprod2057355,2651981,color,2C3 Fresco,light-medium with cool rosy beige undertones,https://www.ulta.com/p/double-wear-stay-in-place-longwear-matte-foundation-pimprod2057355?sku=2651981,52.0,,1.0 oz,InStock,https://media.ultainc.com/i/ulta/2651981_sw?img404=2651981&w=80&fmt=auto,https://media.ultainc.com/i/ulta/2651981?w=500&h=500,7504fc4671712f74cee9be963f0736dc2a3054032beca7a50cb14b025b307cfc
pimprod2057355,2651982,color,2C4 Ivory Rose,light-medium with cool rosy undertones,https://www.ulta.com/p/double-wear-stay-in-place-longwear-matte-foundation-pimprod2057355?sku=2651982,52.0,,1.0 oz,InStock,https://media.ultainc.com/i/ulta/2651982_sw?img404=2651982&w=80&fmt=auto,https://media.ultainc.com/i/ulta/2651982?w=500&h=500,7504fc4671712f74cee9be963f0736dc2a3054032beca7a50cb14b025b307cfc
pimprod2057355,2651983,color,2N1 Desert Beige,light-medium with neutral undertones,https://www.ulta.com/p/double-wear-stay-in-place-longwear-matte-foundation-pimprod2057355?sku=2651983,52.0,,1.0 oz,InStock,https://media.ultainc.com/i/ulta/2651983_sw?img404=2651983&w=80&fmt=auto,https://media.ultainc.com/i/ulta/2651983?w=500&h=500,7504fc4671712f74cee9be963f0736dc2a3054032beca7a50cb14b025b307cfc
pimprod2057355,2651984,color,2N2 Buff,light-medium with neutral subtle golden undertones,https://www.ulta.com/p/double-wear-stay-in-place-longwear-matte-foundation-pimprod2057355?sku=2651984,52.0,,1.0 oz,InStock,https://media.ultainc.com/i/ulta/2651984_sw?img404=2651984&w=80&fmt=auto,https://media.ultainc.com/i/ulta/2651984?w=500&h=500,7504fc4671712f74cee9be963f0736dc2a3054032beca7a50cb14b025b307cfc
pimprod2057355,2651985,color,2W0 Warm Vanilla,light-medium with warm yellow undertones,https://www.ulta.com/p/double-wear-stay-in-place-longwear-matte-foundation-pimprod2057355?sku=2651985,52.0,,1.0 oz,InStock,https://media.ultainc.com/i/ulta/2651985_sw?img404=2651985&w=80&fmt=auto,https://media.ultainc.com/i/ulta/2651985?w=500&h=500,7504fc4671712f74cee9be963f0736dc2a3054032beca7a50cb14b025b307cfc
pimprod2057355,2651986,color,2W1 Dawn,light-medium with warm peach undertones,https://www.ulta.com/p/double-wear-stay-in-place-longwear-matte-foundation-pimprod2057355?sku=2651986,52.0,,1.0 oz,InStock,https://media.ultainc.com/i/ulta/2651986_sw?img404=2651986&w=80&fmt=auto,https://media.ultainc.com/i/ulta/2651986?w=500&h=500,7504fc4671712f74cee9be963f0736dc2a3054032beca7a50cb14b025b307cfc
pimprod2057355,2651987,color,2W2 Rattan,light-medium with warm olive undertones,https://www.ulta.com/p/double-wear-stay-in-place-longwear-matte-foundation-pimprod2057355?sku=2651987,52.0,,1.0 oz,InStock,https://media.ultainc.com/i/ulta/2651987_sw?img404=2651987&w=80&fmt=auto,https://media.ultainc.com/i/ulta/2651987?w=500&h=500,7504fc4671712f74cee9be963f0736dc2a3054032beca7a50cb14b025b307cfc
pimprod2057355,2651988,color,3C1 Dusk,medium with cool rosy-peach undertones,https://www.ulta.com/p/double-wear-stay-in-place-longwear-matte-foundation-pimprod2057355?sku=2651988,52.0,,1.0 oz,InStock,https://media.ultainc.com/i/ulta/2651988_sw?img404=2651988&w=80&fmt=auto,https://media.ultainc.com/i/ulta/2651988?w=500&h=500,7504fc4671712f74cee9be963f0736dc2a3054032beca7a50cb14b025b307cfc
pimprod2057355,2651989,color,3C2 Pebble,medium with cool rosy undertones,https://www.ulta.com/p/double-wear-stay-in-place-longwear-matte-foundation-pimprod2057355?sku=2651989,52.0,,1.0 oz,InStock,https://media.ultainc.com/i/ulta/2651989_sw?img404=2651989&w=80&fmt=auto,https://media.ultainc.com/i/ulta/2651989?w=500&h=500,7504fc4671712f74cee9be963f0736dc2a3054032beca7a50cb14b025b307cfc
pimprod2057355,2651990,color,3C3 Sandbar,medium with cool rosy-beige undertones,https://www.ulta.com/p/double-wear-stay-in-place-longwear-matte-foundation-pimprod2057355?sku=2651990,52.0,,1.0 oz,InStock,https://media.ultainc.com/i/ulta/2651990_sw?img404=2651990&w=80&fmt=auto,https://media.ultainc.com/i/ulta/2651990?w=500&h=500,7504fc4671712f74cee9be963f0736dc2a3054032beca7a50cb14b025b307cfc
pimprod2057355,2651991,color,3N1 Ivory Beige,medium with neutral undertones,https://www.ulta.com/p/double-wear-stay-in-place-longwear-matte-foundation-pimprod2057355?sku=2651991,52.0,,1.0 oz,InStock,https://media.ultainc.com/i/ulta/2651991_sw?img404=2651991&w=80&fmt=auto,https://media.ultainc.com/i/ulta/2651991?w=500&h=500,7504fc4671712f74cee9be963f0736dc2a3054032beca7a50cb14b025b307cfc
pimprod2057355,2651992,color,3N2 Wheat,medium with neutral subtle golden undertones,https://www.ulta.com/p/double-wear-stay-in-place-longwear-matte-foundation-pimprod2057355?sku=2651992,52.0,,1.0 oz,InStock,https://media.ultainc.com/i/ulta/2651992_sw?img404=2651992&w=80&fmt=auto,https://media.ultainc.com/i/ulta/2651992?w=500&h=500,7504fc4671712f74cee9be963f0736dc2a3054032beca7a50cb14b025b307cfc
pimprod2057355,2651993,color,3W1 Tawny,medium with warm golden-olive undertones,https://www.ulta.com/p/double-wear-stay-in-place-longwear-matte-foundation-pimprod2057355?sku=2651993,52.0,,1.0 oz,InStock,https://media.ultainc.com/i/ulta/2651993_sw?img404=2651993&w=80&fmt=auto,https://media.ultainc.com/i/ulta/2651993?w=500&h=500,7504fc4671712f74cee9be963f0736dc2a3054032beca7a50cb14b025b307cfc
pimprod2057355,2651994,color,3W1.5 Fawn,medium with warm golden-olive undertones,https://www.ulta.com/p/double-wear-stay-in-place-longwear-matte-foundation-pimprod2057355?sku=2651994,52.0,,1.0 oz,InStock,https://media.ultainc.com/i/ulta/2651994_sw?img404=2651994&w=80&fmt=auto,https://media.ultainc.com/i/ulta/2651994?w=500&h=500,7504fc4671712f74cee9be963f0736dc2a3054032beca7a50cb14b025b307cfc
pimprod2057355,2651995,color,3W2 Cashew,medium with warm olive undertones,https://www.ulta.com/p/double-wear-stay-in-place-longwear-matte-foundation-pimprod2057355?sku=2651995,52.0,,1.0 oz,InStock,https://media.ultainc.com/i/ulta/2651995_sw?img404=2651995&w=80&fmt=auto,https://media.ultainc.com/i/ulta/2651995?w=500&h=500,7504fc4671712f74cee9be963f0736dc2a3054032beca7a50cb14b025b307cfc
pimprod2057355,2651996,color,4C1 Outdoor Beige,medium tan with cool rosy undertones,https://www.ulta.com/p/double-wear-stay-in-place-longwear-matte-foundation-pimprod2057355?sku=2651996,52.0,,1.0 oz,InStock,https://media.ultainc.com/i/ulta/2651996_sw?img404=2651996&w=80&fmt=auto,https://media.ultainc.com/i/ulta/2651996?w=500&h=500,7504fc4671712f74cee9be963f0736dc2a3054032beca7a50cb14b025b307cfc
pimprod2057355,2651997,color,4C2 Auburn,medium tan with cool red undertones,https://www.ulta.com/p/double-wear-stay-in-place-longwear-matte-foundation-pimprod2057355?sku=2651997,52.0,,1.0 oz,InStock,https://media.ultainc.com/i/ulta/2651997_sw?img404=2651997&w=80&fmt=auto,https://media.ultainc.com/i/ulta/2651997?w=500&h=500,7504fc4671712f74cee9be963f0736dc2a3054032beca7a50cb14b025b307cfc
pimprod2057355,2651998,color,4C3 Softan,medium tan with cool rosy-beige undertones,https://www.ulta.com/p/double-wear-stay-in-place-longwear-matte-foundation-pimprod2057355?sku=2651998,52.0,,1.0 oz,InStock,https://media.ultainc.com/i/ulta/2651998_sw?img404=2651998&w=80&fmt=auto,https://media.ultainc.com/i/ulta/2651998?w=500&h=500,7504fc4671712f74cee9be963f0736dc2a3054032beca7a50cb14b025b307cfc
pimprod2057355,2651999,color,4N1 Shell Beige,medium tan with neutral undertones,https://www.ulta.com/p/double-wear-stay-in-place-longwear-matte-foundation-pimprod2057355?sku=2651999,52.0,,1.0 oz,InStock,https://media.ultainc.com/i/ulta/2651999_sw?img404=2651999&w=80&fmt=auto,https://media.ultainc.com/i/ulta/2651999?w=500&h=500,7504fc4671712f74cee9be963f0736dc2a3054032beca7a50cb14b025b307cfc
pimprod2057355,2652000,color,4N2 Spiced Sand,medium tan with neutral subtle golden undertones,https://www.ulta.com/p/double-wear-stay-in-place-longwear-matte-foundation-pimprod2057355?sku=2652000,52.0,,1.0 oz,InStock,https://media.ultainc.com/i/ulta/2652000_sw?img404=2652000&w=80&fmt=auto,https://media.ultainc.com/i/ulta/2652000?w=500&h=500,7504fc4671712f74cee9be963f0736dc2a3054032beca7a50cb14b025b307cfc
pimprod2057355,2652001,color,4N3 Maple Sugar,medium tan with neutral red undertones,https://www.ulta.com/p/double-wear-stay-in-place-longwear-matte-foundation-pimprod2057355?sku=2652001,52.0,,1.0 oz,InStock,https://media.ultainc.com/i/ulta/2652001_sw?img404=2652001&w=80&fmt=auto,https://media.ultainc.com/i/ulta/2652001?w=500&h=500,7504fc4671712f74cee9be963f0736dc2a3054032beca7a50cb14b025b307cfc
pimprod2057355,2652002,color,4W1 Honey Bronze,medium tan with warm golden undertones,https://www.ulta.com/p/double-wear-stay-in-place-longwear-matte-foundation-pimprod2057355?sku=2652002,52.0,,1.0 oz,InStock,https://media.ultainc.com/i/ulta/2652002_sw?img404=2652002&w=80&fmt=auto,https://media.ultainc.com/i/ulta/2652002?w=500&h=500,7504fc4671712f74cee9be963f0736dc2a3054032beca7a50cb14b025b307cfc
pimprod2057355,2652003,color,4W2 Toasty Toffee,medium tan with warm olive undertones,https://www.ulta.com/p/double-wear-stay-in-place-longwear-matte-foundation-pimprod2057355?sku=2652003,52.0,,1.0 oz,InStock,https://media.ultainc.com/i/ulta/2652003_sw?img404=2652003&w=80&fmt=auto,https://media.ultainc.com/i/ulta/2652003?w=500&h=500,7504fc4671712f74cee9be963f0736dc2a3054032beca7a50cb14b025b307cfc
pimprod2057355,2652004,color,4W3 Henna,medium tan with warm red undertones,https://www.ulta.com/p/double-wear-stay-in-place-longwear-matte-foundation-pimprod2057355?sku=2652004,52.0,,1.0 oz,InStock,https://media.ultainc.com/i/ulta/2652004_sw?img404=2652004&w=80&fmt=auto,https://media.ultainc.com/i/ulta/2652004?w=500&h=500,7504fc4671712f74cee9be963f0736dc2a3054032beca7a50cb14b025b307cfc
pimprod2057355,2652005,color,4W4 Hazel,medium tan with warm golden-olive undertones,https://www.ulta.com/p/double-wear-stay-in-place-longwear-matte-foundation-pimprod2057355?sku=2652005,52.0,,1.0 oz,InStock,https://media.ultainc.com/i/ulta/2652005_sw?img404=2652005&w=80&fmt=auto,https://media.ultainc.com/i/ulta/2652005?w=500&h=500,7504fc4671712f74cee9be963f0736dc2a3054032beca7a50cb14b025b307cfc
pimprod2057355,2652006,color,5C1 Rich Chestnut,deep with cool subtle red undertones,https://www.ulta.com/p/double-wear-stay-in-place-longwear-matte-foundation-pimprod2057355?sku=2652006,52.0,,1.0 oz,InStock,https://media.ultainc.com/i/ulta/2652006_sw?img404=2652006&w=80&fmt=auto,https://media.ultainc.com/i/ulta/2652006?w=500&h=500,7504fc4671712f74cee9be963f0736dc2a3054032beca7a50cb14b025b307cfc
pimprod2057355,2652007,color,5C2 Sepia,deep with cool red undertones,https://www.ulta.com/p/double-wear-stay-in-place-longwear-matte-foundation-pimprod2057355?sku=2652007,52.0,,1.0 oz,InStock,https://media.ultainc.com/i/ulta/2652007_sw?img404=2652007&w=80&fmt=auto,https://media.ultainc.com/i/ulta/2652007?w=500&h=500,7504fc4671712f74cee9be963f0736dc2a3054032beca7a50cb14b025b307cfc
pimprod2057355,2652008,color,5N1 Rich Ginger,deep with neutral undertones,https://www.ulta.com/p/double-wear-stay-in-place-longwear-matte-foundation-pimprod2057355?sku=2652008,52.0,,1.0 oz,InStock,https://media.ultainc.com/i/ulta/2652008_sw?img404=2652008&w=80&fmt=auto,https://media.ultainc.com/i/ulta/2652008?w=500&h=500,7504fc4671712f74cee9be963f0736dc2a3054032beca7a50cb14b025b307cfc
pimprod2057355,2652009,color,5N1.5 Maple,deep with neutral golden-red undertones,https://www.ulta.com/p/double-wear-stay-in-place-longwear-matte-foundation-pimprod2057355?sku=2652009,52.0,,1.0 oz,InStock,https://media.ultainc.com/i/ulta/2652009_sw?img404=2652009&w=80&fmt=auto,https://media.ultainc.com/i/ulta/2652009?w=500&h=500,7504fc4671712f74cee9be963f0736dc2a3054032beca7a50cb14b025b307cfc
pimprod2057355,2652010,color,5N2 Amber Honey,deep with neutral subtle golden undertones,https://www.ulta.com/p/double-wear-stay-in-place-longwear-matte-foundation-pimprod2057355?sku=2652010,52.0,,1.0 oz,InStock,https://media.ultainc.com/i/ulta/2652010_sw?img404=2652010&w=80&fmt=auto,https://media.ultainc.com/i/ulta/2652010?w=500&h=500,7504fc4671712f74cee9be963f0736dc2a3054032beca7a50cb14b025b307cfc
pimprod2057355,2652011,color,5W1 Bronze,deep with warm golden undertones,https://www.ulta.com/p/double-wear-stay-in-place-longwear-matte-foundation-pimprod2057355?sku=2652011,52.0,,1.0 oz,InStock,https://media.ultainc.com/i/ulta/2652011_sw?img404=2652011&w=80&fmt=auto,https://media.ultainc.com/i/ulta/2652011?w=500&h=500,7504fc4671712f74cee9be963f0736dc2a3054032beca7a50cb14b025b307cfc
pimprod2057355,2652012,color,5W1.5 Cinnamon,deep with warm olive undertones,https://www.ulta.com/p/double-wear-stay-in-place-longwear-matte-foundation-pimprod2057355?sku=2652012,52.0,,1.0 oz,InStock,https://media.ultainc.com/i/ulta/2652012_sw?img404=2652012&w=80&fmt=auto,https://media.ultainc.com/i/ulta/2652012?w=500&h=500,7504fc4671712f74cee9be963f0736dc2a3054032beca7a50cb14b025b307cfc
pimprod2057355,2652013,color,5W2 Rich Caramel,deep with warm yellow undertones,https://www.ulta.com/p/double-wear-stay-in-place-longwear-matte-foundation-pimprod2057355?sku=2652013,52.0,,1.0 oz,InStock,https://media.ultainc.com/i/ulta/2652013_sw?img404=2652013&w=80&fmt=auto,https://media.ultainc.com/i/ulta/2652013?w=500&h=500,7504fc4671712f74cee9be963f0736dc2a3054032beca7a50cb14b025b307cfc
pimprod2057355,2652014,color,6C1 Rich Cocoa,very deep with cool subtle red undertones,https://www.ulta.com/p/double-wear-stay-in-place-longwear-matte-foundation-pimprod2057355?sku=2652014,52.0,,1.0 oz,InStock,https://media.ultainc.com/i/ulta/2652014_sw?img404=2652014&w=80&fmt=auto,https://media.ultainc.com/i/ulta/2652014?w=500&h=500,7504fc4671712f74cee9be963f0736dc2a3054032beca7a50cb14b025b307cfc
pimprod2057355,2652015,color,6C2 Pecan,very deep with cool red undertones,https://www.ulta.com/p/double-wear-stay-in-place-longwear-matte-foundation-pimprod2057355?sku=2652015,52.0,,1.0 oz,InStock,https://media.ultainc.com/i/ulta/2652015_sw?img404=2652015&w=80&fmt=auto,https://media.ultainc.com/i/ulta/2652015?w=500&h=500,7504fc4671712f74cee9be963f0736dc2a3054032beca7a50cb14b025b307cfc
pimprod2057355,2652016,color,6N1 Mocha,very deep with neutral undertones,https://www.ulta.com/p/double-wear-stay-in-place-longwear-matte-foundation-pimprod2057355?sku=2652016,52.0,,1.0 oz,InStock,https://media.ultainc.com/i/ulta/2652016_sw?img404=2652016&w=80&fmt=auto,https://media.ultainc.com/i/ulta/2652016?w=500&h=500,7504fc4671712f74cee9be963f0736dc2a3054032beca7a50cb14b025b307cfc
pimprod2057355,2652017,color,6N2 Truffle,very deep with neutral subtle brown undertones,https://www.ulta.com/p/double-wear-stay-in-place-longwear-matte-foundation-pimprod2057355?sku=2652017,52.0,,1.0 oz,InStock,https://media.ultainc.com/i/ulta/2652017_sw?img404=2652017&w=80&fmt=auto,https://media.ultainc.com/i/ulta/2652017?w=500&h=500,7504fc4671712f74cee9be963f0736dc2a3054032beca7a50cb14b025b307cfc
pimprod2057355,2652018,color,6W1 Sandalwood,very deep with warm golden undertones,https://www.ulta.com/p/double-wear-stay-in-place-longwear-matte-foundation-pimprod2057355?sku=2652018,52.0,,1.0 oz,InStock,https://media.ultainc.com/i/ulta/2652018_sw?img404=2652018&w=80&fmt=auto,https://media.ultainc.com/i/ulta/2652018?w=500&h=500,7504fc4671712f74cee9be963f0736dc2a3054032beca7a50cb14b025b307cfc
pimprod2057355,2652019,color,6W2 Nutmeg,very deep with warm brown undertones,https://www.ulta.com/p/double-wear-stay-in-place-longwear-matte-foundation-pimprod2057355?sku=2652019,52.0,,1.0 oz,InStock,https://media.ultainc.com/i/ulta/2652019_sw?img404=2652019&w=80&fmt=auto,https://media.ultainc.com/i/ulta/2652019?w=500&h=500,7504fc4671712f74cee9be963f0736dc2a3054032beca7a50cb14b025b307cfc
pimprod2057355,2652020,color,7C1 Rich Mahogany,extra deep with cool red undertones,https://www.ulta.com/p/double-wear-stay-in-place-longwear-matte-foundation-pimprod2057355?sku=2652020,52.0,,1.0 oz,InStock,https://media.ultainc.com/i/ulta/2652020_sw?img404=2652020&w=80&fmt=auto,https://media.ultainc.com/i/ulta/2652020?w=500&h=500,7504fc4671712f74cee9be963f0736dc2a3054032beca7a50cb14b025b307cfc
pimprod2057355,2652021,color,7C2 Sienna,extra deep with cool rich-red undertones,https://www.ulta.com/p/double-wear-stay-in-place-longwear-matte-foundation-pimprod2057355?sku=2652021,52.0,,1.0 oz,InStock,https://media.ultainc.com/i/ulta/2652021_sw?img404=2652021&w=80&fmt=auto,https://media.ultainc.com/i/ulta/2652021?w=500&h=500,7504fc4671712f74cee9be963f0736dc2a3054032beca7a50cb14b025b307cfc
pimprod2057355,2652022,color,7N1 Deep Amber,extra deep with neutral brown undertones,https://www.ulta.com/p/double-wear-stay-in-place-longwear-matte-foundation-pimprod2057355?sku=2652022,52.0,,1.0 oz,InStock,https://media.ultainc.com/i/ulta/2652022_sw?img404=2652022&w=80&fmt=auto,https://media.ultainc.com/i/ulta/2652022?w=500&h=500,7504fc4671712f74cee9be963f0736dc2a3054032beca7a50cb14b025b307cfc
pimprod2057355,2652023,color,7W1 Deep Spice,extra deep with warm golden undertones,https://www.ulta.com/p/double-wear-stay-in-place-longwear-matte-foundation-pimprod2057355?sku=2652023,52.0,,1.0 oz,InStock,https://media.ultainc.com/i/ulta/2652023_sw?img404=2652023&w=80&fmt=auto,https://media.ultainc.com/i/ulta/2652023?w=500&h=500,7504fc4671712f74cee9be963f0736dc2a3054032beca7a50cb14b025b307cfc
pimprod2057355,2652024,color,8C1 Rich Java,deepest with cool brown undertones,https://www.ulta.com/p/double-wear-stay-in-place-longwear-matte-foundation-pimprod2057355?sku=2652024,52.0,,1.0 oz,InStock,https://media.ultainc.com/i/ulta/2652024_sw?img404=2652024&w=80&fmt=auto,https://media.ultainc.com/i/ulta/2652024?w=500&h=500,7504fc4671712f74cee9be963f0736dc2a3054032beca7a50cb14b025b307cfc
pimprod2057355,2652025,color,8N1 Espresso,deepest with neutral rich-brown undertones,https://www.ulta.com/p/double-wear-stay-in-place-longwear-matte-foundation-pimprod2057355?sku=2652025,52.0,,1.0 oz,InStock,https://media.ultainc.com/i/ulta/2652025_sw?img404=2652025&w=80&fmt=auto,https://media.ultainc.com/i/ulta/2652025?w=500&h=500,7504fc4671712f74cee9be963f0736dc2a3054032beca7a50cb14b025b307cfc
pimprod2057355,2652026,color,9N1 Ebony,deepest with rich neutral undertones,https://www.ulta.com/p/double-wear-stay-in-place-longwear-matte-foundation-pimprod2057355?sku=2652026,52.0,,1.0 oz,InStock,https://media.ultainc.com/i/ulta/2652026_sw?img404=2652026&w=80&fmt=auto,https://media.ultainc.com/i/ulta/2652026?w=500&h=500,7504fc4671712f74cee9be963f0736dc2a3054032beca7a50cb14b025b307cfc
xlsImpprod5770257,2264064,color,Light,very light with olive undertones,https://www.ulta.com/p/cc-cream-with-spf-50-xlsImpprod5770257?sku=2264064,39.0,,1.08 oz,InStock,https://media.ultainc.com/i/ulta/2264064_sw?img404=2264064&w=80&fmt=auto,https://media.ultainc.com/i/ulta/2264064?w=500&h=500,b830f406575f5ac8a80963ef26f6928e5472e226c306a07cf6f757851d94fa8b
xlsImpprod5770257,2600193,color,Fair Porcelain,fair with neutral undertones,https://www.ulta.com/p/cc-cream-with-spf-50-xlsImpprod5770257?sku=2600193,39.0,,1.08 oz,InStock,https://media.ultainc.com/i/ulta/2600193_sw?img404=2600193&w=80&fmt=auto,https://media.ultainc.com/i/ulta/2600193?w=500&h=500,b830f406575f5ac8a80963ef26f6928e5472e226c306a07cf6f757851d94fa8b
xlsImpprod5770257,2599622,color,Fair Ivory,fairest warm with yellow undertones,https://www.ulta.com/p/cc-cream-with-spf-50-xlsImpprod5770257?sku=2599622,39.0,,1.08 oz,InStock,https://media.ultainc.com/i/ulta/2599622_sw?img404=2599622&w=80&fmt=auto,https://media.ultainc.com/i/ulta/2599622?w=500&h=500,b830f406575f5ac8a80963ef26f6928e5472e226c306a07cf6f757851d94fa8b
xlsImpprod5770257,2633859,color,Fair Warm,very fair warm with golden undertones,https://www.ulta.com/p/cc-cream-with-spf-50-xlsImpprod5770257?sku=2633859,39.0,,1.08 oz,InStock,https://media.ultainc.com/i/ulta/2633859_sw?img404=2633859&w=80&fmt=auto,https://media.ultainc.com/i/ulta/2633859?w=500&h=500,b830f406575f5ac8a80963ef26f6928e5472e226c306a07cf6f757851d94fa8b
xlsImpprod5770257,2600212,color,Fair Beige,very fair with pink undertones,https://www.ulta.com/p/cc-cream-with-spf-50-xlsImpprod5770257?sku=2600212,39.0,,1.08 oz,InStock,https://media.ultainc.com/i/ulta/2600212_sw?img404=2600212&w=80&fmt=auto,https://media.ultainc.com/i/ulta/2600212?w=500&h=500,b830f406575f5ac8a80963ef26f6928e5472e226c306a07cf6f757851d94fa8b
xlsImpprod5770257,2264063,color,Fair,fair warm with olive undertones,https://www.ulta.com/p/cc-cream-with-spf-50-xlsImpprod5770257?sku=2264063,39.0,,1.08 oz,InStock,https://media.ultainc.com/i/ulta/2264063_sw?img404=2264063&w=80&fmt=auto,https://media.ultainc.com/i/ulta/2264063?w=500&h=500,b830f406575f5ac8a80963ef26f6928e5472e226c306a07cf6f757851d94fa8b
xlsImpprod5770257,2533844,color,Fair Light,fair with pink undertones,https://www.ulta.com/p/cc-cream-with-spf-50-xlsImpprod5770257?sku=2533844,39.0,,1.08 oz,InStock,https://media.ultainc.com/i/ulta/2533844_sw?img404=2533844&w=80&fmt=auto,https://media.ultainc.com/i/ulta/2533844?w=500&h=500,c8d76a9fb7109aba16d4a569129e0610b94600751935e8ff7c9867c5592373ac
xlsImpprod5770257,2633860,color,Light Neutral,light with neutral undertones,https://www.ulta.com/p/cc-cream-with-spf-50-xlsImpprod5770257?sku=2633860,39.0,,1.08 oz,InStock,https://media.ultainc.com/i/ulta/2633860_sw?img404=2633860&w=80&fmt=auto,https://media.ultainc.com/i/ulta/2633860?w=500&h=500,b830f406575f5ac8a80963ef26f6928e5472e226c306a07cf6f757851d94fa8b
xlsImpprod5770257,2633861,color,Light Cool,light with pink undertones,https://www.ulta.com/p/cc-cream-with-spf-50-xlsImpprod5770257?sku=2633861,39.0,,1.08 oz,InStock,https://media.ultainc.com/i/ulta/2633861_sw?img404=2633861&w=80&fmt=auto,https://media.ultainc.com/i/ulta/2633861?w=500&h=500,b830f406575f5ac8a80963ef26f6928e5472e226c306a07cf6f757851d94fa8b
xlsImpprod5770257,2533868,color,Light Medium,light with neutral peach undertones,https://www.ulta.com/p/cc-cream-with-spf-50-xlsImpprod5770257?sku=2533868,39.0,,1.08 oz,InStock,https://media.ultainc.com/i/ulta/2533868_sw?img404=2533868&w=80&fmt=auto,https://media.ultainc.com/i/ulta/2533868?w=500&h=500,b830f406575f5ac8a80963ef26f6928e5472e226c306a07cf6f757851d94fa8b
xlsImpprod5770257,2633862,color,Light Medium Warm,light with yellow undertones,https://www.ulta.com/p/cc-cream-with-spf-50-xlsImpprod5770257?sku=2633862,39.0,,1.08 oz,InStock,https://media.ultainc.com/i/ulta/2633862_sw?img404=2633862&w=80&fmt=auto,https://media.ultainc.com/i/ulta/2633862?w=500&h=500,b830f406575f5ac8a80963ef26f6928e5472e226c306a07cf6f757851d94fa8b
xlsImpprod5770257,2264065,color,Medium,medium with neutral yellow undertones,https://www.ulta.com/p/cc-cream-with-spf-50-xlsImpprod5770257?sku=2264065,39.0,,1.08 oz,InStock,https://media.ultainc.com/i/ulta/2264065_sw?img404=2264065&w=80&fmt=auto,https://media.ultainc.com/i/ulta/2264065?w=500&h=500,b830f406575f5ac8a80963ef26f6928e5472e226c306a07cf6f757851d94fa8b
xlsImpprod5770257,2533859,color,Neutral Medium,medium with neutral pink undertones,https://www.ulta.com/p/cc-cream-with-spf-50-xlsImpprod5770257?sku=2533859,39.0,,1.08 oz,InStock,https://media.ultainc.com/i/ulta/2533859_sw?img404=2533859&w=80&fmt=auto,https://media.ultainc.com/i/ulta/2533859?w=500&h=500,b830f406575f5ac8a80963ef26f6928e5472e226c306a07cf6f757851d94fa8b
xlsImpprod5770257,2633863,color,Medium Cool,medium with pink undertones,https://www.ulta.com/p/cc-cream-with-spf-50-xlsImpprod5770257?sku=2633863,39.0,,1.08 oz,InStock,https://media.ultainc.com/i/ulta/2633863_sw?img404=2633863&w=80&fmt=auto,https://media.ultainc.com/i/ulta/2633863?w=500&h=500,b830f406575f5ac8a80963ef26f6928e5472e226c306a07cf6f757851d94fa8b
xlsImpprod5770257,2509231,color,Medium Tan,medium with olive undertones,https://www.ulta.com/p/cc-cream-with-spf-50-xlsImpprod5770257?sku=2509231,39.0,,1.08 oz,InStock,https://media.ultainc.com/i/ulta/2509231_sw?img404=2509231&w=80&fmt=auto,https://media.ultainc.com/i/ulta/2509231?w=500&h=500,b830f406575f5ac8a80963ef26f6928e5472e226c306a07cf6f757851d94fa8b
xlsImpprod5770257,2533849,color,Neutral Tan,tan neutral with neutral olive undertones,https://www.ulta.com/p/cc-cream-with-spf-50-xlsImpprod5770257?sku=2533849,39.0,,1.08 oz,InStock,https://media.ultainc.com/i/ulta/2533849_sw?img404=2533849&w=80&fmt=auto,https://media.ultainc.com/i/ulta/2533849?w=500&h=500,b830f406575f5ac8a80963ef26f6928e5472e226c306a07cf6f757851d94fa8b
xlsImpprod5770257,2633864,color,Tan Cool,tan with red undertones,https://www.ulta.com/p/cc-cream-with-spf-50-xlsImpprod5770257?sku=2633864,39.0,,1.08 oz,InStock,https://media.ultainc.com/i/ulta/2633864_sw?img404=2633864&w=80&fmt=auto,https://media.ultainc.com/i/ulta/2633864?w=500&h=500,51780edc5ae147a0b55469deff8c25afbe2bb01f12d644ffa55feed9e9f05b7a
xlsImpprod5770257,2599624,color,Tan Warm,tan with olive undertones,https://www.ulta.com/p/cc-cream-with-spf-50-xlsImpprod5770257?sku=2599624,39.0,,1.08 oz,InStock,https://media.ultainc.com/i/ulta/2599624_sw?img404=2599624&w=80&fmt=auto,https://media.ultainc.com/i/ulta/2599624?w=500&h=500,b830f406575f5ac8a80963ef26f6928e5472e226c306a07cf6f757851d94fa8b
xlsImpprod5770257,2264066,color,Tan,deeper tan neutral with neutral undertones,https://www.ulta.com/p/cc-cream-with-spf-50-xlsImpprod5770257?sku=2264066,39.0,,1.08 oz,InStock,https://media.ultainc.com/i/ulta/2264066_sw?img404=2264066&w=80&fmt=auto,https://media.ultainc.com/i/ulta/2264066?w=500&h=500,b830f406575f5ac8a80963ef26f6928e5472e226c306a07cf6f757851d94fa8b
xlsImpprod5770257,2599623,color,Tan Rich,deepest tan neutral with neutral red undertones,https://www.ulta.com/p/cc-cream-with-spf-50-xlsImpprod5770257?sku=2599623,39.0,,1.08 oz,InStock,https://media.ultainc.com/i/ulta/2599623_sw?img404=2599623&w=80&fmt=auto,https://media.ultainc.com/i/ulta/2599623?w=500&h=500,b830f406575f5ac8a80963ef26f6928e5472e226c306a07cf6f757851d94fa8b
xlsImpprod5770257,2509232,color,Rich,rich with yellow undertones,https://www.ulta.com/p/cc-cream-with-spf-50-xlsImpprod5770257?sku=2509232,39.0,,1.08 oz,InStock,https://media.ultainc.com/i/ulta/2509232_sw?img404=2509232&w=80&fmt=auto,https://media.ultainc.com/i/ulta/2509232?w=500&h=500,b830f406575f5ac8a80963ef26f6928e5472e226c306a07cf6f757851d94fa8b
xlsImpprod5770257,2633865,color,Rich Cool,rich with red undertones,https://www.ulta.com/p/cc-cream-with-spf-50-xlsImpprod5770257?sku=2633865,39.0,,1.08 oz,InStock,https://media.ultainc.com/i/ulta/2633865_sw?img404=2633865&w=80&fmt=auto,https://media.ultainc.com/i/ulta/2633865?w=500&h=500,51780edc5ae147a0b55469deff8c25afbe2bb01f12d644ffa55feed9e9f05b7a
xlsImpprod5770257,2533843,color,Rich Honey,very rich with golden undertones,https://www.ulta.com/p/cc-cream-with-spf-50-xlsImpprod5770257?sku=2533843,39.0,,1.08 oz,InStock,https://media.ultainc.com/i/ulta/2533843_sw?img404=2533843&w=80&fmt=auto,https://media.ultainc.com/i/ulta/2533843?w=500&h=500,b830f406575f5ac8a80963ef26f6928e5472e226c306a07cf6f757851d94fa8b
xlsImpprod5770257,2599629,color,Neutral Rich,rich with neutral undertones,https://www.ulta.com/p/cc-cream-with-spf-50-xlsImpprod5770257?sku=2599629,39.0,,1.08 oz,InStock,https://media.ultainc.com/i/ulta/2599629_sw?img404=2599629&w=80&fmt=auto,https://media.ultainc.com/i/ulta/2599629?w=500&h=500,51780edc5ae147a0b55469deff8c25afbe2bb01f12d644ffa55feed9e9f05b7a
xlsImpprod5770257,2599971,color,Deep,deep with yellow undertones,https://www.ulta.com/p/cc-cream-with-spf-50-xlsImpprod5770257?sku=2599971,39.0,,1.08 oz,InStock,https://media.ultainc.com/i/ulta/2599971_sw?img404=2599971&w=80&fmt=auto,https://media.ultainc.com/i/ulta/2599971?w=500&h=500,51780edc5ae147a0b55469deff8c25afbe2bb01f12d644ffa55feed9e9f05b7a
xlsImpprod5770257,2599628,color,Neutral Deep,deep with neutral undertones,https://www.ulta.com/p/cc-cream-with-spf-50-xlsImpprod5770257?sku=2599628,39.0,,1.08 oz,InStock,https://media.ultainc.com/i/ulta/2599628_sw?img404=2599628&w=80&fmt=auto,https://media.ultainc.com/i/ulta/2599628?w=500&h=500,51780edc5ae147a0b55469deff8c25afbe2bb01f12d644ffa55feed9e9f05b7a
xlsImpprod5770257,2599626,color,Deep Honey,very deep with golden undertones,https://www.ulta.com/p/cc-cream-with-spf-50-xlsImpprod5770257?sku=2599626,39.0,,1.08 oz,InStock,https://media.ultainc.com/i/ulta/2599626_sw?img404=2599626&w=80&fmt=auto,https://media.ultainc.com/i/ulta/2599626?w=500&h=500,51780edc5ae147a0b55469deff8c25afbe2bb01f12d644ffa55feed9e9f05b7a
xlsImpprod5770257,2599625,color,Deep Bronze,deep cool with red undertones,https://www.ulta.com/p/cc-cream-with-spf-50-xlsImpprod5770257?sku=2599625,39.0,,1.08 oz,InStock,https://media.ultainc.com/i/ulta/2599625_sw?img404=2599625&w=80&fmt=auto,https://media.ultainc.com/i/ulta/2599625?w=500&h=500,51780edc5ae147a0b55469deff8c25afbe2bb01f12d644ffa55feed9e9f05b7a
xlsImpprod5770257,2599627,color,Deep Mocha,very deep cool with red undertones,https://www.ulta.com/p/cc-cream-with-spf-50-xlsImpprod5770257?sku=2599627,39.0,,1.08 oz,InStock,https://media.ultainc.com/i/ulta/2599627_sw?img404=2599627&w=80&fmt=auto,https://media.ultainc.com/i/ulta/2599627?w=500&h=500,51780edc5ae147a0b55469deff8c25afbe2bb01f12d644ffa55feed9e9f05b7a
xlsImpprod5770257,2633866,color,Deep Cool,deepest cool with red undertones,https://www.ulta.com/p/cc-cream-with-spf-50-xlsImpprod5770257?sku=2633866,39.0,,1.08 oz,InStock,https://media.ultainc.com/i/ulta/2633866_sw?img404=2633866&w=80&fmt=auto,https://media.ultainc.com/i/ulta/2633866?w=500&h=500,51780edc5ae147a0b55469deff8c25afbe2bb01f12d644ffa55feed9e9f05b7a
pimprod2051406,2635749,color,C3.5,light to medium beige with peachy undertone for light to medium skin​,https://www.ulta.com/p/studio-fix-powder-plus-foundation-pimprod2051406?sku=2635749,39.0,31.2,0.42 oz,InStock,https://media.ultainc.com/i/ulta/2635749_sw?img404=2635749&w=80&fmt=auto,https://media.ultainc.com/i/ulta/2635749?w=500&h=500,4b51a8db4a5f20a807118d1146ce74d1b89b9741de84fa39779210abcc1e666a
pimprod2051406,2652273,color,N3,very fair with neutral peach undertones,https://www.ulta.com/p/studio-fix-powder-plus-foundation-pimprod2051406?sku=2652273,39.0,31.2,0.42 oz,InStock,https://media.ultainc.com/i/ulta/2652273_sw?img404=2652273&w=80&fmt=auto,https://media.ultainc.com/i/ulta/2652273?w=500&h=500,4b51a8db4a5f20a807118d1146ce74d1b89b9741de84fa39779210abcc1e666a
pimprod2051406,2636004,color,NC10,very fair beige with neutral undertone for very fair skin​,https://www.ulta.com/p/studio-fix-powder-plus-foundation-pimprod2051406?sku=2636004,39.0,31.2,0.42 oz,InStock,https://media.ultainc.com/i/ulta/2636004_sw?img404=2636004&w=80&fmt=auto,https://media.ultainc.com/i/ulta/2636004?w=500&h=500,4b51a8db4a5f20a807118d1146ce74d1b89b9741de84fa39779210abcc1e666a
pimprod2051406,2636003,color,NC5,very fair beige with golden undertone for very fair skin​,https://www.ulta.com/p/studio-fix-powder-plus-foundation-pimprod2051406?sku=2636003,39.0,31.2,0.42 oz,InStock,https://media.ultainc.com/i/ulta/2636003_sw?img404=2636003&w=80&fmt=auto,https://media.ultainc.com/i/ulta/2636003?w=500&h=500,4b51a8db4a5f20a807118d1146ce74d1b89b9741de84fa39779210abcc1e666a
pimprod2051406,2636005,color,NC12,fair beige with neutral undertone for fair skin ​,https://www.ulta.com/p/studio-fix-powder-plus-foundation-pimprod2051406?sku=2636005,39.0,31.2,0.42 oz,InStock,https://media.ultainc.com/i/ulta/2636005_sw?img404=2636005&w=80&fmt=auto,https://media.ultainc.com/i/ulta/2636005?w=500&h=500,4b51a8db4a5f20a807118d1146ce74d1b89b9741de84fa39779210abcc1e666a
pimprod2051406,2652270,color,C3,very fair beige with light golden undertones,https://www.ulta.com/p/studio-fix-powder-plus-foundation-pimprod2051406?sku=2652270,39.0,31.2,0.42 oz,InStock,https://media.ultainc.com/i/ulta/2652270_sw?img404=2652270&w=80&fmt=auto,https://media.ultainc.com/i/ulta/2652270?w=500&h=500,4b51a8db4a5f20a807118d1146ce74d1b89b9741de84fa39779210abcc1e666a
pimprod2051406,2635750,color,C4,light neutral golden with peachy undertone for light skin​,https://www.ulta.com/p/studio-fix-powder-plus-foundation-pimprod2051406?sku=2635750,39.0,31.2,0.42 oz,InStock,https://media.ultainc.com/i/ulta/2635750_sw?img404=2635750&w=80&fmt=auto,https://media.ultainc.com/i/ulta/2635750?w=500&h=500,4b51a8db4a5f20a807118d1146ce74d1b89b9741de84fa39779210abcc1e666a
pimprod2051406,2635751,color,C4.5,tanned neutral beige with peach undertone for medium skin​,https://www.ulta.com/p/studio-fix-powder-plus-foundation-pimprod2051406?sku=2635751,39.0,31.2,0.42 oz,InStock,https://media.ultainc.com/i/ulta/2635751_sw?img404=2635751&w=80&fmt=auto,https://media.ultainc.com/i/ulta/2635751?w=500&h=500,4b51a8db4a5f20a807118d1146ce74d1b89b9741de84fa39779210abcc1e666a
pimprod2051406,2652271,color,C30,light medium with peachy golden undertones,https://www.ulta.com/p/studio-fix-powder-plus-foundation-pimprod2051406?sku=2652271,39.0,31.2,0.42 oz,InStock,https://media.ultainc.com/i/ulta/2652271_sw?img404=2652271&w=80&fmt=auto,https://media.ultainc.com/i/ulta/2652271?w=500&h=500,4b51a8db4a5f20a807118d1146ce74d1b89b9741de84fa39779210abcc1e666a
pimprod2051406,2635754,color,C40,light beige with neutral olive undertone for light skin​,https://www.ulta.com/p/studio-fix-powder-plus-foundation-pimprod2051406?sku=2635754,39.0,31.2,0.42 oz,InStock,https://media.ultainc.com/i/ulta/2635754_sw?img404=2635754&w=80&fmt=auto,https://media.ultainc.com/i/ulta/2635754?w=500&h=500,4b51a8db4a5f20a807118d1146ce74d1b89b9741de84fa39779210abcc1e666a
pimprod2051406,2635752,color,C5,deep neutral peach with golden undertone for medium skin​,https://www.ulta.com/p/studio-fix-powder-plus-foundation-pimprod2051406?sku=2635752,39.0,31.2,0.42 oz,InStock,https://media.ultainc.com/i/ulta/2635752_sw?img404=2635752&w=80&fmt=auto,https://media.ultainc.com/i/ulta/2635752?w=500&h=500,4b51a8db4a5f20a807118d1146ce74d1b89b9741de84fa39779210abcc1e666a
pimprod2051406,2635757,color,N4,very fair beige with neutral undertones for light skin​,https://www.ulta.com/p/studio-fix-powder-plus-foundation-pimprod2051406?sku=2635757,39.0,31.2,0.42 oz,InStock,https://media.ultainc.com/i/ulta/2635757_sw?img404=2635757&w=80&fmt=auto,https://media.ultainc.com/i/ulta/2635757?w=500&h=500,4b51a8db4a5f20a807118d1146ce74d1b89b9741de84fa39779210abcc1e666a
pimprod2051406,2636030,color,NW5,very fair beige with pink undertones for very fair skin​,https://www.ulta.com/p/studio-fix-powder-plus-foundation-pimprod2051406?sku=2636030,39.0,31.2,0.42 oz,InStock,https://media.ultainc.com/i/ulta/2636030_sw?img404=2636030&w=80&fmt=auto,https://media.ultainc.com/i/ulta/2636030?w=500&h=500,4b51a8db4a5f20a807118d1146ce74d1b89b9741de84fa39779210abcc1e666a
pimprod2051406,2636031,color,NW10,very fair beige with rosy undertone for fair skin​,https://www.ulta.com/p/studio-fix-powder-plus-foundation-pimprod2051406?sku=2636031,39.0,31.2,0.42 oz,InStock,https://media.ultainc.com/i/ulta/2636031_sw?img404=2636031&w=80&fmt=auto,https://media.ultainc.com/i/ulta/2636031?w=500&h=500,4b51a8db4a5f20a807118d1146ce74d1b89b9741de84fa39779210abcc1e666a
pimprod2051406,2635758,color,N4.5,fair beige with neutral undertones for light skin​,https://www.ulta.com/p/studio-fix-powder-plus-foundation-pimprod2051406?sku=2635758,39.0,31.2,0.42 oz,InStock,https://media.ultainc.com/i/ulta/2635758_sw?img404=2635758&w=80&fmt=auto,https://media.ultainc.com/i/ulta/2635758?w=500&h=500,4b51a8db4a5f20a807118d1146ce74d1b89b9741de84fa39779210abcc1e666a
pimprod2051406,2635759,color,N4.75,beige with neutral undertone for light skin ​,https://www.ulta.com/p/studio-fix-powder-plus-foundation-pimprod2051406?sku=2635759,39.0,31.2,0.42 oz,InStock,https://media.ultainc.com/i/ulta/2635759_sw?img404=2635759&w=80&fmt=auto,https://media.ultainc.com/i/ulta/2635759?w=500&h=500,4b51a8db4a5f20a807118d1146ce74d1b89b9741de84fa39779210abcc1e666a
pimprod2051406,2635760,color,N5,rosy beige with neutral undertones for light to medium skin​,https://www.ulta.com/p/studio-fix-powder-plus-foundation-pimprod2051406?sku=2635760,39.0,31.2,0.42 oz,InStock,https://media.ultainc.com/i/ulta/2635760_sw?img404=2635760&w=80&fmt=auto,https://media.ultainc.com/i/ulta/2635760?w=500&h=500,4b51a8db4a5f20a807118d1146ce74d1b89b9741de84fa39779210abcc1e666a
pimprod2051406,2635761,color,N6,true beige with neutral undertone for light to medium skin ​,https://www.ulta.com/p/studio-fix-powder-plus-foundation-pimprod2051406?sku=2635761,39.0,31.2,0.42 oz,InStock,https://media.ultainc.com/i/ulta/2635761_sw?img404=2635761&w=80&fmt=auto,https://media.ultainc.com/i/ulta/2635761?w=500&h=500,4b51a8db4a5f20a807118d1146ce74d1b89b9741de84fa39779210abcc1e666a
pimprod2051406,2635762,color,N6.5,peachy beige with neutral undertone for light to medium skin ​,https://www.ulta.com/p/studio-fix-powder-plus-foundation-pimprod2051406?sku=2635762,39.0,31.2,0.42 oz,InStock,https://media.ultainc.com/i/ulta/2635762_sw?img404=2635762&w=80&fmt=auto,https://media.ultainc.com/i/ulta/2635762?w=500&h=500,4b51a8db4a5f20a807118d1146ce74d1b89b9741de84fa39779210abcc1e666a
pimprod2051406,2636006,color,NC13,fair beige with golden undertone for fair skin​,https://www.ulta.com/p/studio-fix-powder-plus-foundation-pimprod2051406?sku=2636006,39.0,31.2,0.42 oz,InStock,https://media.ultainc.com/i/ulta/2636006_sw?img404=2636006&w=80&fmt=auto,https://media.ultainc.com/i/ulta/2636006?w=500&h=500,4b51a8db4a5f20a807118d1146ce74d1b89b9741de84fa39779210abcc1e666a
pimprod2051406,2636007,color,NC15,light beige with golden undertone for light skin​,https://www.ulta.com/p/studio-fix-powder-plus-foundation-pimprod2051406?sku=2636007,39.0,31.2,0.42 oz,InStock,https://media.ultainc.com/i/ulta/2636007_sw?img404=2636007&w=80&fmt=auto,https://media.ultainc.com/i/ulta/2636007?w=500&h=500,4b51a8db4a5f20a807118d1146ce74d1b89b9741de84fa39779210abcc1e666a
pimprod2051406,2636008,color,NC16,light beige with peachy undertone for light skin​,https://www.ulta.com/p/studio-fix-powder-plus-foundation-pimprod2051406?sku=2636008,39.0,31.2,0.42 oz,InStock,https://media.ultainc.com/i/ulta/2636008_sw?img404=2636008&w=80&fmt=auto,https://media.ultainc.com/i/ulta/2636008?w=500&h=500,4b51a8db4a5f20a807118d1146ce74d1b89b9741de84fa39779210abcc1e666a
pimprod2051406,2636009,color,NC17,light beige with neutral undertone with light skin ​,https://www.ulta.com/p/studio-fix-powder-plus-foundation-pimprod2051406?sku=2636009,39.0,31.2,0.42 oz,InStock,https://media.ultainc.com/i/ulta/2636009_sw?img404=2636009&w=80&fmt=auto,https://media.ultainc.com/i/ulta/2636009?w=500&h=500,4b51a8db4a5f20a807118d1146ce74d1b89b9741de84fa39779210abcc1e666a
pimprod2051406,2636010,color,NC18,beige with neutral undertone with light skin ​,https://www.ulta.com/p/studio-fix-powder-plus-foundation-pimprod2051406?sku=2636010,39.0,31.2,0.42 oz,InStock,https://media.ultainc.com/i/ulta/2636010_sw?img404=2636010&w=80&fmt=auto,https://media.ultainc.com/i/ulta/2636010?w=500&h=500,4b51a8db4a5f20a807118d1146ce74d1b89b9741de84fa39779210abcc1e666a
pimprod2051406,2636011,color,NC20,light beige with neutral golden undertone for light skin​,https://www.ulta.com/p/studio-fix-powder-plus-foundation-pimprod2051406?sku=2636011,39.0,31.2,0.42 oz,InStock,https://media.ultainc.com/i/ulta/2636011_sw?img404=2636011&w=80&fmt=auto,https://media.ultainc.com/i/ulta/2636011?w=500&h=500,4b51a8db4a5f20a807118d1146ce74d1b89b9741de84fa39779210abcc1e666a
pimprod2051406,2636012,color,NC25,light beige with golden peach undertone for light skin​,https://www.ulta.com/p/studio-fix-powder-plus-foundation-pimprod2051406?sku=2636012,39.0,31.2,0.42 oz,InStock,https://media.ultainc.com/i/ulta/2636012_sw?img404=2636012&w=80&fmt=auto,https://media.ultainc.com/i/ulta/2636012?w=500&h=500,4b51a8db4a5f20a807118d1146ce74d1b89b9741de84fa39779210abcc1e666a
pimprod2051406,2636013,color,NC27,beige with neutral undertone for light to medium skin ​,https://www.ulta.com/p/studio-fix-powder-plus-foundation-pimprod2051406?sku=2636013,39.0,31.2,0.42 oz,InStock,https://media.ultainc.com/i/ulta/2636013_sw?img404=2636013&w=80&fmt=auto,https://media.ultainc.com/i/ulta/2636013?w=500&h=500,4b51a8db4a5f20a807118d1146ce74d1b89b9741de84fa39779210abcc1e666a
pimprod2051406,2636014,color,NC30,light to medium beige with golden undertone for light to medium skin ​,https://www.ulta.com/p/studio-fix-powder-plus-foundation-pimprod2051406?sku=2636014,39.0,31.2,0.42 oz,InStock,https://media.ultainc.com/i/ulta/2636014_sw?img404=2636014&w=80&fmt=auto,https://media.ultainc.com/i/ulta/2636014?w=500&h=500,4b51a8db4a5f20a807118d1146ce74d1b89b9741de84fa39779210abcc1e666a
pimprod2051406,2636015,color,NC35,light to medium beige with peachy golden undertone for medium skin​,https://www.ulta.com/p/studio-fix-powder-plus-foundation-pimprod2051406?sku=2636015,39.0,31.2,0.42 oz,InStock,https://media.ultainc.com/i/ulta/2636015_sw?img404=2636015&w=80&fmt=auto,https://media.ultainc.com/i/ulta/2636015?w=500&h=500,4b51a8db4a5f20a807118d1146ce74d1b89b9741de84fa39779210abcc1e666a
pimprod2051406,2636016,color,NC37,medium beige with neutral undertone for medium skin​,https://www.ulta.com/p/studio-fix-powder-plus-foundation-pimprod2051406?sku=2636016,39.0,31.2,0.42 oz,InStock,https://media.ultainc.com/i/ulta/2636016_sw?img404=2636016&w=80&fmt=auto,https://media.ultainc.com/i/ulta/2636016?w=500&h=500,4b51a8db4a5f20a807118d1146ce74d1b89b9741de84fa39779210abcc1e666a
pimprod2051406,2636017,color,NC38,medium beige with peach undertone for medium skin​,https://www.ulta.com/p/studio-fix-powder-plus-foundation-pimprod2051406?sku=2636017,39.0,31.2,0.42 oz,InStock,https://media.ultainc.com/i/ulta/2636017_sw?img404=2636017&w=80&fmt=auto,https://media.ultainc.com/i/ulta/2636017?w=500&h=500,4b51a8db4a5f20a807118d1146ce74d1b89b9741de84fa39779210abcc1e666a
pimprod2051406,2636018,color,NC40,medium beige with golden peach undertone for medium skin​,https://www.ulta.com/p/studio-fix-powder-plus-foundation-pimprod2051406?sku=2636018,39.0,31.2,0.42 oz,InStock,https://media.ultainc.com/i/ulta/2636018_sw?img404=2636018&w=80&fmt=auto,https://media.ultainc.com/i/ulta/2636018?w=500&h=500,4b51a8db4a5f20a807118d1146ce74d1b89b9741de84fa39779210abcc1e666a
pimprod2051406,2636019,color,NC42,true medium beige with golden undertone for medium skin​,https://www.ulta.com/p/studio-fix-powder-plus-foundation-pimprod2051406?sku=2636019,39.0,31.2,0.42 oz,InStock,https://media.ultainc.com/i/ulta/2636019_sw?img404=2636019&w=80&fmt=auto,https://media.ultainc.com/i/ulta/2636019?w=500&h=500,4b51a8db4a5f20a807118d1146ce74d1b89b9741de84fa39779210abcc1e666a
pimprod2051406,2636020,color,NC44,tanned caramel with golden undertone for medium to dark skin​,https://www.ulta.com/p/studio-fix-powder-plus-foundation-pimprod2051406?sku=2636020,39.0,31.2,0.42 oz,InStock,https://media.ultainc.com/i/ulta/2636020_sw?img404=2636020&w=80&fmt=auto,https://media.ultainc.com/i/ulta/2636020?w=500&h=500,4b51a8db4a5f20a807118d1146ce74d1b89b9741de84fa39779210abcc1e666a
pimprod2051406,2636107,color,NC45,bronze with golden undertone for dark skin​,https://www.ulta.com/p/studio-fix-powder-plus-foundation-pimprod2051406?sku=2636107,39.0,31.2,0.42 oz,InStock,https://media.ultainc.com/i/ulta/2636107_sw?img404=2636107&w=80&fmt=auto,https://media.ultainc.com/i/ulta/2636107?w=500&h=500,4b51a8db4a5f20a807118d1146ce74d1b89b9741de84fa39779210abcc1e666a
pimprod2051406,2636021,color,NC45.5,tanned bronze with neutral undertone for dark skin ​,https://www.ulta.com/p/studio-fix-powder-plus-foundation-pimprod2051406?sku=2636021,39.0,31.2,0.42 oz,InStock,https://media.ultainc.com/i/ulta/2636021_sw?img404=2636021&w=80&fmt=auto,https://media.ultainc.com/i/ulta/2636021?w=500&h=500,4b51a8db4a5f20a807118d1146ce74d1b89b9741de84fa39779210abcc1e666a
pimprod2051406,2635755,color,C45,medium beige with olive undertone for medium skin​,https://www.ulta.com/p/studio-fix-powder-plus-foundation-pimprod2051406?sku=2635755,39.0,31.2,0.42 oz,InStock,https://media.ultainc.com/i/ulta/2635755_sw?img404=2635755&w=80&fmt=auto,https://media.ultainc.com/i/ulta/2635755?w=500&h=500,4b51a8db4a5f20a807118d1146ce74d1b89b9741de84fa39779210abcc1e666a
pimprod2051406,2636022,color,NC46,deep bronzed with neutral undertone for dark skin​,https://www.ulta.com/p/studio-fix-powder-plus-foundation-pimprod2051406?sku=2636022,39.0,31.2,0.42 oz,InStock,https://media.ultainc.com/i/ulta/2636022_sw?img404=2636022&w=80&fmt=auto,https://media.ultainc.com/i/ulta/2636022?w=500&h=500,4b51a8db4a5f20a807118d1146ce74d1b89b9741de84fa39779210abcc1e666a
pimprod2051406,2636023,color,NC47,deepest neutral with golden undertone for deep dark skin​,https://www.ulta.com/p/studio-fix-powder-plus-foundation-pimprod2051406?sku=2636023,39.0,31.2,0.42 oz,InStock,https://media.ultainc.com/i/ulta/2636023_sw?img404=2636023&w=80&fmt=auto,https://media.ultainc.com/i/ulta/2636023?w=500&h=500,4b51a8db4a5f20a807118d1146ce74d1b89b9741de84fa39779210abcc1e666a
pimprod2051406,2635753,color,C8,deep olive with golden undertone for medium to dark skin​,https://www.ulta.com/p/studio-fix-powder-plus-foundation-pimprod2051406?sku=2635753,39.0,31.2,0.42 oz,InStock,https://media.ultainc.com/i/ulta/2635753_sw?img404=2635753&w=80&fmt=auto,https://media.ultainc.com/i/ulta/2635753?w=500&h=500,4b51a8db4a5f20a807118d1146ce74d1b89b9741de84fa39779210abcc1e666a
pimprod2051406,2636024,color,NC50,rich brown with golden undertone for deep dark skin​,https://www.ulta.com/p/studio-fix-powder-plus-foundation-pimprod2051406?sku=2636024,39.0,31.2,0.42 oz,InStock,https://media.ultainc.com/i/ulta/2636024_sw?img404=2636024&w=80&fmt=auto,https://media.ultainc.com/i/ulta/2636024?w=500&h=500,4b51a8db4a5f20a807118d1146ce74d1b89b9741de84fa39779210abcc1e666a
pimprod2051406,2635756,color,C55,rich brown with golden olive undertone for dark skin​,https://www.ulta.com/p/studio-fix-powder-plus-foundation-pimprod2051406?sku=2635756,39.0,31.2,0.42 oz,InStock,https://media.ultainc.com/i/ulta/2635756_sw?img404=2635756&w=80&fmt=auto,https://media.ultainc.com/i/ulta/2635756?w=500&h=500,4b51a8db4a5f20a807118d1146ce74d1b89b9741de84fa39779210abcc1e666a
pimprod2051406,2636025,color,NC55,deep rich brown with golden undertone for deep dark skin ​,https://www.ulta.com/p/studio-fix-powder-plus-foundation-pimprod2051406?sku=2636025,39.0,31.2,0.42 oz,InStock,https://media.ultainc.com/i/ulta/2636025_sw?img404=2636025&w=80&fmt=auto,https://media.ultainc.com/i/ulta/2636025?w=500&h=500,4b51a8db4a5f20a807118d1146ce74d1b89b9741de84fa39779210abcc1e666a
pimprod2051406,2636026,color,NC58,deep rich brown with neutral undertone for deep dark skin ​,https://www.ulta.com/p/studio-fix-powder-plus-foundation-pimprod2051406?sku=2636026,39.0,31.2,0.42 oz,InStock,https://media.ultainc.com/i/ulta/2636026_sw?img404=2636026&w=80&fmt=auto,https://media.ultainc.com/i/ulta/2636026?w=500&h=500,4b51a8db4a5f20a807118d1146ce74d1b89b9741de84fa39779210abcc1e666a
pimprod2051406,2636032,color,NW13,fair beige with neutral undertone for light skin​,https://www.ulta.com/p/studio-fix-powder-plus-foundation-pimprod2051406?sku=2636032,39.0,31.2,0.42 oz,InStock,https://media.ultainc.com/i/ulta/2636032_sw?img404=2636032&w=80&fmt=auto,https://media.ultainc.com/i/ulta/2636032?w=500&h=500,4b51a8db4a5f20a807118d1146ce74d1b89b9741de84fa39779210abcc1e666a
pimprod2051406,2636033,color,NW15,light beige with neutral undertone for light skin​,https://www.ulta.com/p/studio-fix-powder-plus-foundation-pimprod2051406?sku=2636033,39.0,31.2,0.42 oz,InStock,https://media.ultainc.com/i/ulta/2636033_sw?img404=2636033&w=80&fmt=auto,https://media.ultainc.com/i/ulta/2636033?w=500&h=500,4b51a8db4a5f20a807118d1146ce74d1b89b9741de84fa39779210abcc1e666a
pimprod2051406,2636034,color,NW18,beige with neutral undertone for light skin​,https://www.ulta.com/p/studio-fix-powder-plus-foundation-pimprod2051406?sku=2636034,39.0,31.2,0.42 oz,InStock,https://media.ultainc.com/i/ulta/2636034_sw?img404=2636034&w=80&fmt=auto,https://media.ultainc.com/i/ulta/2636034?w=500&h=500,4b51a8db4a5f20a807118d1146ce74d1b89b9741de84fa39779210abcc1e666a
pimprod2051406,2635717,color,NW20,warm neutral beige with rosy undertone for light to medium skin​,https://www.ulta.com/p/studio-fix-powder-plus-foundation-pimprod2051406?sku=2635717,39.0,31.2,0.42 oz,InStock,https://media.ultainc.com/i/ulta/2635717_sw?img404=2635717&w=80&fmt=auto,https://media.ultainc.com/i/ulta/2635717?w=500&h=500,4b51a8db4a5f20a807118d1146ce74d1b89b9741de84fa39779210abcc1e666a
pimprod2051406,2635718,color,NW22,warm beige with rosy undertone for light to medium skin​,https://www.ulta.com/p/studio-fix-powder-plus-foundation-pimprod2051406?sku=2635718,39.0,31.2,0.42 oz,InStock,https://media.ultainc.com/i/ulta/2635718_sw?img404=2635718&w=80&fmt=auto,https://media.ultainc.com/i/ulta/2635718?w=500&h=500,4b51a8db4a5f20a807118d1146ce74d1b89b9741de84fa39779210abcc1e666a
pimprod2051406,2652272,color,C6,medium deep with a peachy golden undertones,https://www.ulta.com/p/studio-fix-powder-plus-foundation-pimprod2051406?sku=2652272,39.0,31.2,0.42 oz,InStock,https://media.ultainc.com/i/ulta/2652272_sw?img404=2652272&w=80&fmt=auto,https://media.ultainc.com/i/ulta/2652272?w=500&h=500,4b51a8db4a5f20a807118d1146ce74d1b89b9741de84fa39779210abcc1e666a
pimprod2051406,2635719,color,NW25,rosy beige with rosy undertone for light to medium skin​,https://www.ulta.com/p/studio-fix-powder-plus-foundation-pimprod2051406?sku=2635719,39.0,31.2,0.42 oz,InStock,https://media.ultainc.com/i/ulta/2635719_sw?img404=2635719&w=80&fmt=auto,https://media.ultainc.com/i/ulta/2635719?w=500&h=500,4b51a8db4a5f20a807118d1146ce74d1b89b9741de84fa39779210abcc1e666a
pimprod2051406,2635720,color,NW30,medium beige with rosy undertone for medium skin​,https://www.ulta.com/p/studio-fix-powder-plus-foundation-pimprod2051406?sku=2635720,39.0,31.2,0.42 oz,InStock,https://media.ultainc.com/i/ulta/2635720_sw?img404=2635720&w=80&fmt=auto,https://media.ultainc.com/i/ulta/2635720?w=500&h=500,4b51a8db4a5f20a807118d1146ce74d1b89b9741de84fa39779210abcc1e666a
pimprod2051406,2635721,color,NW33,medium warm beige with rosy undertone for medium skin​,https://www.ulta.com/p/studio-fix-powder-plus-foundation-pimprod2051406?sku=2635721,39.0,31.2,0.42 oz,InStock,https://media.ultainc.com/i/ulta/2635721_sw?img404=2635721&w=80&fmt=auto,https://media.ultainc.com/i/ulta/2635721?w=500&h=500,4b51a8db4a5f20a807118d1146ce74d1b89b9741de84fa39779210abcc1e666a
pimprod2051406,2635722,color,NW35,tawny beige with neutral undertone for medium skin​,https://www.ulta.com/p/studio-fix-powder-plus-foundation-pimprod2051406?sku=2635722,39.0,31.2,0.42 oz,InStock,https://media.ultainc.com/i/ulta/2635722_sw?img404=2635722&w=80&fmt=auto,https://media.ultainc.com/i/ulta/2635722?w=500&h=500,4b51a8db4a5f20a807118d1146ce74d1b89b9741de84fa39779210abcc1e666a
pimprod2051406,2635723,color,NW40,toasted beige with rosy undertones for medium to dark skin​,https://www.ulta.com/p/studio-fix-powder-plus-foundation-pimprod2051406?sku=2635723,39.0,31.2,0.42 oz,InStock,https://media.ultainc.com/i/ulta/2635723_sw?img404=2635723&w=80&fmt=auto,https://media.ultainc.com/i/ulta/2635723?w=500&h=500,4b51a8db4a5f20a807118d1146ce74d1b89b9741de84fa39779210abcc1e666a
pimprod2051406,2635724,color,NW43,brick beige with rosy undertones for medium to dark skin​,https://www.ulta.com/p/studio-fix-powder-plus-foundation-pimprod2051406?sku=2635724,39.0,31.2,0.42 oz,InStock,https://media.ultainc.com/i/ulta/2635724_sw?img404=2635724&w=80&fmt=auto,https://media.ultainc.com/i/ulta/2635724?w=500&h=500,4b51a8db4a5f20a807118d1146ce74d1b89b9741de84fa39779210abcc1e666a
pimprod2051406,2635725,color,NW44,rich tawny with neutral undertones for medium to dark skin​,https://www.ulta.com/p/studio-fix-powder-plus-foundation-pimprod2051406?sku=2635725,39.0,31.2,0.42 oz,InStock,https://media.ultainc.com/i/ulta/2635725_sw?img404=2635725&w=80&fmt=auto,https://media.ultainc.com/i/ulta/2635725?w=500&h=500,4b51a8db4a5f20a807118d1146ce74d1b89b9741de84fa39779210abcc1e666a
pimprod2051406,2635726,color,NW45,medium mahogany with rosy undertones for medium to dark skin​,https://www.ulta.com/p/studio-fix-powder-plus-foundation-pimprod2051406?sku=2635726,39.0,31.2,0.42 oz,InStock,https://media.ultainc.com/i/ulta/2635726_sw?img404=2635726&w=80&fmt=auto,https://media.ultainc.com/i/ulta/2635726?w=500&h=500,4b51a8db4a5f20a807118d1146ce74d1b89b9741de84fa39779210abcc1e666a
pimprod2051406,2635735,color,NW46,auburn with red undertones for dark skin​,https://www.ulta.com/p/studio-fix-powder-plus-foundation-pimprod2051406?sku=2635735,39.0,31.2,0.42 oz,InStock,https://media.ultainc.com/i/ulta/2635735_sw?img404=2635735&w=80&fmt=auto,https://media.ultainc.com/i/ulta/2635735?w=500&h=500,4b51a8db4a5f20a807118d1146ce74d1b89b9741de84fa39779210abcc1e666a
pimprod2051406,2635729,color,NW47,deep auburn with neutral undertones for dark skin​,https://www.ulta.com/p/studio-fix-powder-plus-foundation-pimprod2051406?sku=2635729,39.0,31.2,0.42 oz,InStock,https://media.ultainc.com/i/ulta/2635729_sw?img404=2635729&w=80&fmt=auto,https://media.ultainc.com/i/ulta/2635729?w=500&h=500,4b51a8db4a5f20a807118d1146ce74d1b89b9741de84fa39779210abcc1e666a
pimprod2051406,2635730,color,NW48,deep auburn with red undertones for dark skin​,https://www.ulta.com/p/studio-fix-powder-plus-foundation-pimprod2051406?sku=2635730,39.0,31.2,0.42 oz,OutOfStock,https://media.ultainc.com/i/ulta/2635730_sw?img404=2635730&w=80&fmt=auto,https://media.ultainc.com/i/ulta/2635730?w=500&h=500,4b51a8db4a5f20a807118d1146ce74d1b89b9741de84fa39779210abcc1e666a
pimprod2051406,2635731,color,NW50,rich coffee with neutral undertone for dark skin​,https://www.ulta.com/p/studio-fix-powder-plus-foundation-pimprod2051406?sku=2635731,39.0,31.2,0.42 oz,InStock,https://media.ultainc.com/i/ulta/2635731_sw?img404=2635731&w=80&fmt=auto,https://media.ultainc.com/i/ulta/2635731?w=500&h=500,4b51a8db4a5f20a807118d1146ce74d1b89b9741de84fa39779210abcc1e666a
pimprod2051406,2635732,color,NW53,rich coffee with red undertone for dark skin​,https://www.ulta.com/p/studio-fix-powder-plus-foundation-pimprod2051406?sku=2635732,39.0,31.2,0.42 oz,InStock,https://media.ultainc.com/i/ulta/2635732_sw?img404=2635732&w=80&fmt=auto,https://media.ultainc.com/i/ulta/2635732?w=500&h=500,4b51a8db4a5f20a807118d1146ce74d1b89b9741de84fa39779210abcc1e666a
pimprod2051406,2635733,color,NW55,rich mahogany with neutral undertones for deep dark skin​,https://www.ulta.com/p/studio-fix-powder-plus-foundation-pimprod2051406?sku=2635733,39.0,31.2,0.42 oz,OutOfStock,https://media.ultainc.com/i/ulta/2635733_sw?img404=2635733&w=80&fmt=auto,https://media.ultainc.com/i/ulta/2635733?w=500&h=500,4b51a8db4a5f20a807118d1146ce74d1b89b9741de84fa39779210abcc1e666a
pimprod2051406,2635734,color,NW57,rich mahogany with red undertones for deep dark skin​,https://www.ulta.com/p/studio-fix-powder-plus-foundation-pimprod2051406?sku=2635734,39.0,31.2,0.42 oz,InStock,https://media.ultainc.com/i/ulta/2635734_sw?img404=2635734&w=80&fmt=auto,https://media.ultainc.com/i/ulta/2635734?w=500&h=500,4b51a8db4a5f20a807118d1146ce74d1b89b9741de84fa39779210abcc1e666a
pimprod2051406,2635736,color,NW58,rich espresso with neutral undertones for deep dark skin​,https://www.ulta.com/p/studio-fix-powder-plus-foundation-pimprod2051406?sku=2635736,39.0,31.2,0.42 oz,InStock,https://media.ultainc.com/i/ulta/2635736_sw?img404=2635736&w=80&fmt=auto,https://media.ultainc.com/i/ulta/2635736?w=500&h=500,4b51a8db4a5f20a807118d1146ce74d1b89b9741de84fa39779210abcc1e666a
pimprod2051406,2635746,color,NW60,rich espresso with red undertones for deep dark skin​,https://www.ulta.com/p/studio-fix-powder-plus-foundation-pimprod2051406?sku=2635746,39.0,31.2,0.42 oz,InStock,https://media.ultainc.com/i/ulta/2635746_sw?img404=2635746&w=80&fmt=auto,https://media.ultainc.com/i/ulta/2635746?w=500&h=500,4b51a8db4a5f20a807118d1146ce74d1b89b9741de84fa39779210abcc1e666a
pimprod2051406,2636027,color,NC60,rich coffee with neutral undertone for deep dark skin ​,https://www.ulta.com/p/studio-fix-powder-plus-foundation-pimprod2051406?sku=2636027,39.0,31.2,0.42 oz,InStock,https://media.ultainc.com/i/ulta/2636027_sw?img404=2636027&w=80&fmt=auto,https://media.ultainc.com/i/ulta/2636027?w=500&h=500,4b51a8db4a5f20a807118d1146ce74d1b89b9741de84fa39779210abcc1e666a
pimprod2051406,2636028,color,NC63,dark deep rich brown with neutral undertone for deep dark skin​,https://www.ulta.com/p/studio-fix-powder-plus-foundation-pimprod2051406?sku=2636028,39.0,31.2,0.42 oz,InStock,https://media.ultainc.com/i/ulta/2636028_sw?img404=2636028&w=80&fmt=auto,https://media.ultainc.com/i/ulta/2636028?w=500&h=500,4b51a8db4a5f20a807118d1146ce74d1b89b9741de84fa39779210abcc1e666a
pimprod2051406,2636029,color,NC65,dark deep espresso with rich undertones for deep dark skin​,https://www.ulta.com/p/studio-fix-powder-plus-foundation-pimprod2051406?sku=2636029,39.0,31.2,0.42 oz,InStock,https://media.ultainc.com/i/ulta/2636029_sw?img404=2636029&w=80&fmt=auto,https://media.ultainc.com/i/ulta/2636029?w=500&h=500,4b51a8db4a5f20a807118d1146ce74d1b89b9741de84fa39779210abcc1e666a
pimprod2051406,2635748,color,NW65,dark deep rich brown with red undertones for deep dark skin​,https://www.ulta.com/p/studio-fix-powder-plus-foundation-pimprod2051406?sku=2635748,39.0,31.2,0.42 oz,InStock,https://media.ultainc.com/i/ulta/2635748_sw?img404=2635748&w=80&fmt=auto,https://media.ultainc.com/i/ulta/2635748?w=500&h=500,4b51a8db4a5f20a807118d1146ce74d1b89b9741de84fa39779210abcc1e666a
pimprod2046452,2627223,color,1N,fair with neutral undertones,https://www.ulta.com/p/skin-tint-blurring-elixir-foundation-pimprod2046452?sku=2627223,35.0,,1.0 oz,InStock,https://media.ultainc.com/i/ulta/2627223_sw?img404=2627223&w=80&fmt=auto,https://media.ultainc.com/i/ulta/2627223?w=500&h=500,9abca9c031fc1532a35d494e95e618818a25a76f0208de2c501461de8312264c
pimprod2046452,2627233,color,1WN,fair with warm neutral undertones,https://www.ulta.com/p/skin-tint-blurring-elixir-foundation-pimprod2046452?sku=2627233,35.0,,1.0 oz,InStock,https://media.ultainc.com/i/ulta/2627233_sw?img404=2627233&w=80&fmt=auto,https://media.ultainc.com/i/ulta/2627233?w=500&h=500,9abca9c031fc1532a35d494e95e618818a25a76f0208de2c501461de8312264c
pimprod2046452,2627217,color,2.5N,light with neutral undertones,https://www.ulta.com/p/skin-tint-blurring-elixir-foundation-pimprod2046452?sku=2627217,35.0,,1.0 oz,InStock,https://media.ultainc.com/i/ulta/2627217_sw?img404=2627217&w=80&fmt=auto,https://media.ultainc.com/i/ulta/2627217?w=500&h=500,9abca9c031fc1532a35d494e95e618818a25a76f0208de2c501461de8312264c
pimprod2046452,2627224,color,2C,fair with cool pink undertones,https://www.ulta.com/p/skin-tint-blurring-elixir-foundation-pimprod2046452?sku=2627224,35.0,,1.0 oz,InStock,https://media.ultainc.com/i/ulta/2627224_sw?img404=2627224&w=80&fmt=auto,https://media.ultainc.com/i/ulta/2627224?w=500&h=500,9abca9c031fc1532a35d494e95e618818a25a76f0208de2c501461de8312264c
pimprod2046452,2627216,color,2W,"fair light with warm, subtle peachy undertones",https://www.ulta.com/p/skin-tint-blurring-elixir-foundation-pimprod2046452?sku=2627216,35.0,,1.0 oz,InStock,https://media.ultainc.com/i/ulta/2627216_sw?img404=2627216&w=80&fmt=auto,https://media.ultainc.com/i/ulta/2627216?w=500&h=500,9abca9c031fc1532a35d494e95e618818a25a76f0208de2c501461de8312264c
pimprod2046452,2628605,color,3.5W,light with warm peachy undertones,https://www.ulta.com/p/skin-tint-blurring-elixir-foundation-pimprod2046452?sku=2628605,35.0,,1.0 oz,InStock,https://media.ultainc.com/i/ulta/2628605_sw?img404=2628605&w=80&fmt=auto,https://media.ultainc.com/i/ulta/2628605?w=500&h=500,9abca9c031fc1532a35d494e95e618818a25a76f0208de2c501461de8312264c
pimprod2046452,2627218,color,3W,light with warm undertones,https://www.ulta.com/p/skin-tint-blurring-elixir-foundation-pimprod2046452?sku=2627218,35.0,,1.0 oz,InStock,https://media.ultainc.com/i/ulta/2627218_sw?img404=2627218&w=80&fmt=auto,https://media.ultainc.com/i/ulta/2627218?w=500&h=500,9abca9c031fc1532a35d494e95e618818a25a76f0208de2c501461de8312264c
pimprod2046452,2628606,color,3WN,light with warm neutral undertones,https://www.ulta.com/p/skin-tint-blurring-elixir-foundation-pimprod2046452?sku=2628606,35.0,,1.0 oz,InStock,https://media.ultainc.com/i/ulta/2628606_sw?img404=2628606&w=80&fmt=auto,https://media.ultainc.com/i/ulta/2628606?w=500&h=500,9abca9c031fc1532a35d494e95e618818a25a76f0208de2c501461de8312264c
pimprod2046452,2627235,color,4.5WN,medium with warm neutral undertones,https://www.ulta.com/p/skin-tint-blurring-elixir-foundation-pimprod2046452?sku=2627235,35.0,,1.0 oz,InStock,https://media.ultainc.com/i/ulta/2627235_sw?img404=2627235&w=80&fmt=auto,https://media.ultainc.com/i/ulta/2627235?w=500&h=500,9abca9c031fc1532a35d494e95e618818a25a76f0208de2c501461de8312264c
pimprod2046452,2627219,color,4W,light medium with warm olive undertones,https://www.ulta.com/p/skin-tint-blurring-elixir-foundation-pimprod2046452?sku=2627219,35.0,,1.0 oz,InStock,https://media.ultainc.com/i/ulta/2627219_sw?img404=2627219&w=80&fmt=auto,https://media.ultainc.com/i/ulta/2627219?w=500&h=500,9abca9c031fc1532a35d494e95e618818a25a76f0208de2c501461de8312264c
pimprod2046452,2627225,color,5N,"medium with neutral, subtle olive undertones",https://www.ulta.com/p/skin-tint-blurring-elixir-foundation-pimprod2046452?sku=2627225,35.0,,1.0 oz,InStock,https://media.ultainc.com/i/ulta/2627225_sw?img404=2627225&w=80&fmt=auto,https://media.ultainc.com/i/ulta/2627225?w=500&h=500,9abca9c031fc1532a35d494e95e618818a25a76f0208de2c501461de8312264c
pimprod2046452,2627226,color,5W,medium with warm peachy undertones,https://www.ulta.com/p/skin-tint-blurring-elixir-foundation-pimprod2046452?sku=2627226,35.0,,1.0 oz,InStock,https://media.ultainc.com/i/ulta/2627226_sw?img404=2627226&w=80&fmt=auto,https://media.ultainc.com/i/ulta/2627226?w=500&h=500,9abca9c031fc1532a35d494e95e618818a25a76f0208de2c501461de8312264c
pimprod2046452,2627234,color,6.5WN,tan with warm neutral undertones,https://www.ulta.com/p/skin-tint-blurring-elixir-foundation-pimprod2046452?sku=2627234,35.0,,1.0 oz,InStock,https://media.ultainc.com/i/ulta/2627234_sw?img404=2627234&w=80&fmt=auto,https://media.ultainc.com/i/ulta/2627234?w=500&h=500,9abca9c031fc1532a35d494e95e618818a25a76f0208de2c501461de8312264c
pimprod2046452,2627220,color,6N,medium tan with neutral undertones,https://www.ulta.com/p/skin-tint-blurring-elixir-foundation-pimprod2046452?sku=2627220,35.0,,1.0 oz,InStock,https://media.ultainc.com/i/ulta/2627220_sw?img404=2627220&w=80&fmt=auto,https://media.ultainc.com/i/ulta/2627220?w=500&h=500,9abca9c031fc1532a35d494e95e618818a25a76f0208de2c501461de8312264c
pimprod2046452,2627221,color,6W,medium with warm golden undertones,https://www.ulta.com/p/skin-tint-blurring-elixir-foundation-pimprod2046452?sku=2627221,35.0,,1.0 oz,InStock,https://media.ultainc.com/i/ulta/2627221_sw?img404=2627221&w=80&fmt=auto,https://media.ultainc.com/i/ulta/2627221?w=500&h=500,9abca9c031fc1532a35d494e95e618818a25a76f0208de2c501461de8312264c
pimprod2046452,2627227,color,7W,tan with warm golden undertones,https://www.ulta.com/p/skin-tint-blurring-elixir-foundation-pimprod2046452?sku=2627227,35.0,,1.0 oz,InStock,https://media.ultainc.com/i/ulta/2627227_sw?img404=2627227&w=80&fmt=auto,https://media.ultainc.com/i/ulta/2627227?w=500&h=500,9abca9c031fc1532a35d494e95e618818a25a76f0208de2c501461de8312264c
pimprod2046452,2628603,color,8.5W,tan deep with warm undertones,https://www.ulta.com/p/skin-tint-blurring-elixir-foundation-pimprod2046452?sku=2628603,35.0,,1.0 oz,InStock,https://media.ultainc.com/i/ulta/2628603_sw?img404=2628603&w=80&fmt=auto,https://media.ultainc.com/i/ulta/2628603?w=500&h=500,9abca9c031fc1532a35d494e95e618818a25a76f0208de2c501461de8312264c
pimprod2046452,2627229,color,8W,tan with warm subtle peachy undertones,https://www.ulta.com/p/skin-tint-blurring-elixir-foundation-pimprod2046452?sku=2627229,35.0,,1.0 oz,InStock,https://media.ultainc.com/i/ulta/2627229_sw?img404=2627229&w=80&fmt=auto,https://media.ultainc.com/i/ulta/2627229?w=500&h=500,9abca9c031fc1532a35d494e95e618818a25a76f0208de2c501461de8312264c
pimprod2046452,2628604,color,8WN,tan with warm neutral golden undertones,https://www.ulta.com/p/skin-tint-blurring-elixir-foundation-pimprod2046452?sku=2628604,35.0,,1.0 oz,InStock,https://media.ultainc.com/i/ulta/2628604_sw?img404=2628604&w=80&fmt=auto,https://media.ultainc.com/i/ulta/2628604?w=500&h=500,9abca9c031fc1532a35d494e95e618818a25a76f0208de2c501461de8312264c
pimprod2046452,2627222,color,9.5W,deep with warm golden undertones,https://www.ulta.com/p/skin-tint-blurring-elixir-foundation-pimprod2046452?sku=2627222,35.0,,1.0 oz,InStock,https://media.ultainc.com/i/ulta/2627222_sw?img404=2627222&w=80&fmt=auto,https://media.ultainc.com/i/ulta/2627222?w=500&h=500,9abca9c031fc1532a35d494e95e618818a25a76f0208de2c501461de8312264c
pimprod2046452,2627230,color,9W,deep with warm olive undertones,https://www.ulta.com/p/skin-tint-blurring-elixir-foundation-pimprod2046452?sku=2627230,35.0,,1.0 oz,InStock,https://media.ultainc.com/i/ulta/2627230_sw?img404=2627230&w=80&fmt=auto,https://media.ultainc.com/i/ulta/2627230?w=500&h=500,9abca9c031fc1532a35d494e95e618818a25a76f0208de2c501461de8312264c
pimprod2046452,2627228,color,10C,"deep with cool, subtle rosy undertones",https://www.ulta.com/p/skin-tint-blurring-elixir-foundation-pimprod2046452?sku=2627228,35.0,,1.0 oz,InStock,https://media.ultainc.com/i/ulta/2627228_sw?img404=2627228&w=80&fmt=auto,https://media.ultainc.com/i/ulta/2627228?w=500&h=500,9abca9c031fc1532a35d494e95e618818a25a76f0208de2c501461de8312264c
pimprod2046452,2627232,color,10N,deep dark with neutral undertones,https://www.ulta.com/p/skin-tint-blurring-elixir-foundation-pimprod2046452?sku=2627232,35.0,,1.0 oz,InStock,https://media.ultainc.com/i/ulta/2627232_sw?img404=2627232&w=80&fmt=auto,https://media.ultainc.com/i/ulta/2627232?w=500&h=500,9abca9c031fc1532a35d494e95e618818a25a76f0208de2c501461de8312264c
pimprod2046452,2627231,color,10W,deep with warm undertones,https://www.ulta.com/p/skin-tint-blurring-elixir-foundation-pimprod2046452?sku=2627231,35.0,,1.0 oz,InStock,https://media.ultainc.com/i/ulta/2627231_sw?img404=2627231&w=80&fmt=auto,https://media.ultainc.com/i/ulta/2627231?w=500&h=500,9abca9c031fc1532a35d494e95e618818a25a76f0208de2c501461de8312264c
pimprod2044825,2622206,color,C3.5,,https://www.ulta.com/p/studio-fix-fluid-spf15-24hr-matte-foundation-oil-control-pimprod2044825?sku=2622206,39.0,31.2,Color: C3.5,InStock,https://media.ultainc.com/i/ulta/2622206_sw?img404=2622206&w=80&fmt=auto,https://media.ultainc.com/i/ulta/2622206?w=500&h=500,0e92dae5d908b28f80b63397d9bf19fa6524a4a7992c276cda5bc6dc690f55ba
