product_id,sku_id,swatch_image_url,image_sha256,image_width,image_height,sample_pixel_count,rgb_r,rgb_g,rgb_b,hex_color,lab_l,lab_a,lab_b,rgb_spread,extraction_method
pimprod2057355,2651970,https://media.ultainc.com/i/ulta/2651970_sw?img404=2651970&w=80&fmt=auto,c7436737444284d9fed117e86b30de644ca18797c826d1c4ac3115f03caf5034,80,80,256,231,202,184,#e7cab8,83.28,7.39,12.73,0.0,center_median_srgb_v1
pimprod2057355,2651971,https://media.ultainc.com/i/ulta/2651971_sw?img404=2651971&w=80&fmt=auto,f0685cafee63ebefa86d49a36b0b4fc7f963d15f5b4648192471edd345f525fb,80,80,256,226,188,175,#e2bcaf,79.17,11.62,11.67,0.0,center_median_srgb_v1
pimprod2057355,2651972,https://media.ultainc.com/i/ulta/2651972_sw?img404=2651972&w=80&fmt=auto,d7ba702117064b1822cb27b7f0e72b708e749527ab0e048c1fb2c79d9ff2cf9f,80,80,256,226,193,176,#e2c1b0,80.43,9.11,12.9,0.0,center_median_srgb_v1
pimprod2057355,2651973,https://media.ultainc.com/i/ulta/2651973_sw?img404=2651973&w=80&fmt=auto,4f4813b2c7127e0bc71d23eb325d3019ee358520df0186d7fea2f9925e81ea9a,80,80,256,227,192,172,#e3c0ac,80.19,9.44,14.72,0.0,center_median_srgb_v1
pimprod2057355,2651974,https://media.ultainc.com/i/ulta/2651974_sw?img404=2651974&w=80&fmt=auto,8817f3193ff7c7ad51f068e224c49b6cbee7b3c84476a51021951b1b9d18a616,80,80,256,227,185,160,#e3b9a0,78.21,11.52,18.39,0.0,center_median_srgb_v1
pimprod2057355,2651975,https://media.ultainc.com/i/ulta/2651975_sw?img404=2651975&w=80&fmt=auto,bb35e8190a1bc0e32826cb7ea63a85234eacd3fc35207c7781aa4a64c63db996,80,80,256,214,175,152,#d6af98,74.33,10.81,17.13,0.0,center_median_srgb_v1
pimprod2057355,2651976,https://media.ultainc.com/i/ulta/2651976_sw?img404=2651976&w=80&fmt=auto,7f259fb2db4b8e28e6b1d46155712a130a72c58081a70bb2f0f568792af15ee8,80,80,256,227,193,158,#e3c19e,80.15,7.03,22.13,0.0,center_median_srgb_v1
pimprod2057355,2651977,https://media.ultainc.com/i/ulta/2651977_sw?img404=2651977&w=80&fmt=auto,9b5755f1d7816d6b138c2001f3905b5438530cc266c752dc491947b3ee9468f7,80,80,256,231,192,161,#e7c0a1,80.33,9.47,20.85,0.0,center_median_srgb_v1
pimprod2057355,2651978,https://media.ultainc.com/i/ulta/2651978_sw?img404=2651978&w=80&fmt=auto,7ace38765b371d054546e13070871741e0692cd90feb67f38c3a5ee25011f4a6,80,80,256,226,183,151,#e2b797,77.44,11.05,22.15,0.0,center_median_srgb_v1
pimprod2057355,2651979,https://media.ultainc.com/i/ulta/2651979_sw?img404=2651979&w=80&fmt=auto,e40a728d86ed058f7fdb406f2b0cc185a318f1de93d22ea50b4064f5e1b7e6d7,80,80,256,242,207,185,#f2cfb9,85.51,8.97,15.48,0.0,center_median_srgb_v1
pimprod2057355,2651980,https://media.ultainc.com/i/ulta/2651980_sw?img404=2651980&w=80&fmt=auto,8accf7bfb26ac7308aa7ecc21303bba5eaac56bf23a2949b2cfcff55cffcf1c5,80,80,256,228,189,166,#e4bda6,79.41,10.58,16.86,0.0,center_median_srgb_v1
pimprod2057355,2651981,https://media.ultainc.com/i/ulta/2651981_sw?img404=2651981&w=80&fmt=auto,c79c46dd3c44f92e3a95eb3dbee8e483e4e6bc30eb91739fc3fa31a5eed301ca,80,80,256,222,181,159,#deb59f,76.73,11.61,16.8,0.0,center_median_srgb_v1
pimprod2057355,2651982,https://media.ultainc.com/i/ulta/2651982_sw?img404=2651982&w=80&fmt=auto,dd34695c6c56395bd42c8cd687ab6994daee071988e41b1a30368e8b66dbdd5e,80,80,256,219,174,155,#dbae9b,74.64,13.67,16.0,0.0,center_median_srgb_v1
pimprod2057355,2651983,https://media.ultainc.com/i/ulta/2651983_sw?img404=2651983&w=80&fmt=auto,7591ef22c0977493dde832b5bd8cb2878cf840c66546739f167f1a3631e59269,80,80,256,232,187,158,#e8bb9e,79.14,12.12,20.82,0.0,center_median_srgb_v1
pimprod2057355,2651984,https://media.ultainc.com/i/ulta/2651984_sw?img404=2651984&w=80&fmt=auto,529e0a4a13bd6bc70e99f0d1d3819572ca5a5c67ae5ce0d9289e3a19c3c87af0,80,80,256,218,173,141,#daad8d,74.01,12.04,22.71,0.0,center_median_srgb_v1
pimprod2057355,2651985,https://media.ultainc.com/i/ulta/2651985_sw?img404=2651985&w=80&fmt=auto,ad06197810595d6707648f995756acee7ebbbc0a5aabc2b02b5eff6140d41550,80,80,256,224,185,160,#e0b9a0,77.93,10.37,17.95,0.0,center_median_srgb_v1
pimprod2057355,2651986,https://media.ultainc.com/i/ulta/2651986_sw?img404=2651986&w=80&fmt=auto,68267540c87a2ead64be9e3c5320c2380161c169594974aaed3ddd1b8b75b596,80,80,256,223,178,147,#dfb293,75.85,12.05,22.06,0.0,center_median_srgb_v1
pimprod2057355,2651987,https://media.ultainc.com/i/ulta/2651987_sw?img404=2651987&w=80&fmt=auto,9f399d3477df0aa5b3441c76edaadcf4ca4e3f8fcafc60349580a96d52b58b5d,80,80,256,216,182,147,#d8b693,76.17,7.19,22.39,0.0,center_median_srgb_v1
pimprod2057355,2651988,https://media.ultainc.com/i/ulta/2651988_sw?img404=2651988&w=80&fmt=auto,f69963dca8498c34ca42ad9982a8c361334bb65f6aaa88b7bb2206e07924c483,80,80,256,222,171,141,#deab8d,73.92,14.68,22.65,0.0,center_median_srgb_v1
pimprod2057355,2651989,https://media.ultainc.com/i/ulta/2651989_sw?img404=2651989&w=80&fmt=auto,ee08b3cd5ce527e521981f2a9eadcafdbe5d595292aa65f73dcba4d1ff1eab1e,80,80,256,229,189,163,#e5bda3,79.44,10.56,18.52,0.0,center_median_srgb_v1
pimprod2057355,2651990,https://media.ultainc.com/i/ulta/2651990_sw?img404=2651990&w=80&fmt=auto,310e7de47ef274e619b2c535ecb959348b4e505e1584e1d46064a1ce4ba8d445,80,80,256,222,175,147,#deaf93,75.01,13.26,20.9,0.0,center_median_srgb_v1
pimprod2057355,2651991,https://media.ultainc.com/i/ulta/2651991_sw?img404=2651991&w=80&fmt=auto,7a9cffff111990774a2e318486b6ef6838b324ee05190de1b9e20a927738cb2c,80,80,256,224,176,148,#e0b094,75.48,13.63,21.03,0.0,center_median_srgb_v1
pimprod2057355,2651992,https://media.ultainc.com/i/ulta/2651992_sw?img404=2651992&w=80&fmt=auto,ef69d545e5540b91a2bdb3275535c6ac94b8d3b6e35b39933d3160edb5e6ea7d,80,80,256,213,162,130,#d5a282,70.59,14.68,23.95,0.0,center_median_srgb_v1
pimprod2057355,2651993,https://media.ultainc.com/i/ulta/2651993_sw?img404=2651993&w=80&fmt=auto,3f8671e8e81d9dac765ace31cb229ed93c425f752c58afb8cc6fe2f2b7180ee8,80,80,256,215,157,121,#d79d79,69.43,17.19,27.32,0.0,center_median_srgb_v1
pimprod2057355,2651994,https://media.ultainc.com/i/ulta/2651994_sw?img404=2651994&w=80&fmt=auto,7dd6be9eaf307c75fef40c52317ca4399b5fa4748144120c3f6315ea9a29cc57,80,80,256,207,150,107,#cf966b,66.63,16.32,31.07,0.0,center_median_srgb_v1
pimprod2057355,2651995,https://media.ultainc.com/i/ulta/2651995_sw?img404=2651995&w=80&fmt=auto,9dd5ffe94b21a02be01c3598e78ce1e7c6dbae278e6098df31b974cdb1f22289,80,80,256,206,152,113,#ce9871,67.11,15.43,28.42,0.0,center_median_srgb_v1
pimprod2057355,2651996,https://media.ultainc.com/i/ulta/2651996_sw?img404=2651996&w=80&fmt=auto,61a82e35959544f81323eb413081668c8d4fd86f2c1858cc5562524bb57e7306,80,80,256,218,172,149,#daac95,73.92,13.57,18.25,0.0,center_median_srgb_v1
pimprod2057355,2651997,https://media.ultainc.com/i/ulta/2651997_sw?img404=2651997&w=80&fmt=auto,a82b018d67bf202671484945d5c970b554b1bc4624fca41df0d76c7f77d9d6cc,80,80,256,209,146,113,#d19271,65.99,19.91,27.01,0.0,center_median_srgb_v1
pimprod2057355,2651998,https://media.ultainc.com/i/ulta/2651998_sw?img404=2651998&w=80&fmt=auto,7a093e0415ca0c176de1e0a3aea8d9463cc5ee4d529047822808ef51ef92f55c,80,80,256,211,155,130,#d39b82,68.68,17.68,21.32,0.0,center_median_srgb_v1
pimprod2057355,2651999,https://media.ultainc.com/i/ulta/2651999_sw?img404=2651999&w=80&fmt=auto,657ce04f74d4ec8ec59b68eb19b1ed421fc566c99b54688d7d392559876e522c,80,80,256,213,159,131,#d59f83,69.88,16.42,22.44,0.0,center_median_srgb_v1
pimprod2057355,2652000,https://media.ultainc.com/i/ulta/2652000_sw?img404=2652000&w=80&fmt=auto,e7b644645d0587c0d6ce3b26ed56d990dc6d18b16683b7678fb7b33aed0fa08e,80,80,256,207,160,124,#cfa07c,69.37,12.68,25.47,0.0,center_median_srgb_v1
pimprod2057355,2652001,https://media.ultainc.com/i/ulta/2652001_sw?img404=2652001&w=80&fmt=auto,b960246c3376ad2d8590db3e19dac9fe74228cd7635adaf47e90f1b924093cf6,80,80,256,210,163,131,#d2a383,70.55,13.06,23.3,0.0,center_median_srgb_v1
pimprod2057355,2652002,https://media.ultainc.com/i/ulta/2652002_sw?img404=2652002&w=80&fmt=auto,2342cceae120378e3a36fc1c513e48ede15a9d394449fe2dbca37fc7e0a67e77,80,80,256,221,176,145,#ddb091,75.12,12.09,22.11,0.0,center_median_srgb_v1
pimprod2057355,2652003,https://media.ultainc.com/i/ulta/2652003_sw?img404=2652003&w=80&fmt=auto,63016129fc323cecf974d1a3c59d07e0a0dfcbd82e87f7af82c5f9a4fa1b432d,80,80,256,216,169,133,#d8a985,72.67,12.44,25.18,0.0,center_median_srgb_v1
pimprod2057355,2652004,https://media.ultainc.com/i/ulta/2652004_sw?img404=2652004&w=80&fmt=auto,ea5db6048f97bedd5faee5ea0ef5346faf30c5bd51194905b75045e08576e562,80,80,256,213,168,137,#d5a889,72.2,12.27,22.33,0.0,center_median_srgb_v1
pimprod2057355,2652005,https://media.ultainc.com/i/ulta/2652005_sw?img404=2652005&w=80&fmt=auto,e077c09dcde6997e28c29e0dd9d4a4da43ecbb2d5377a7bc4cbd24aa8e72d2fd,80,80,256,219,171,135,#dbab87,73.51,12.79,25.27,0.0,center_median_srgb_v1
pimprod2057355,2652006,https://media.ultainc.com/i/ulta/2652006_sw?img404=2652006&w=80&fmt=auto,0487444ee366f30d6a58b9cd2349262dcc7f68205ddad3ef52a43330fedf3484,80,80,256,196,123,90,#c47b5a,58.64,24.99,29.85,0.0,center_median_srgb_v1
pimprod2057355,2652007,https://media.ultainc.com/i/ulta/2652007_sw?img404=2652007&w=80&fmt=auto,4c3775c719b8be8743e1d9f2a36b13092b848d05275b2b23d1bb116c23f152cd,80,80,256,197,125,87,#c57d57,59.19,24.06,32.22,0.0,center_median_srgb_v1
pimprod2057355,2652008,https://media.ultainc.com/i/ulta/2652008_sw?img404=2652008&w=80&fmt=auto,75907d7e5a8e53d9b5849fd45991636282a990a09164c9dc87fbd02b60044818,80,80,256,200,140,105,#c88c69,63.39,18.72,27.8,0.0,center_median_srgb_v1
pimprod2057355,2652009,https://media.ultainc.com/i/ulta/2652009_sw?img404=2652009&w=80&fmt=auto,1315e31d7d71dc562ed66c864b189d4a14020b15b1681fd594a9ccf2e7b8e8ba,80,80,256,202,138,100,#ca8a64,63.06,20.15,30.15,0.0,center_median_srgb_v1
pimprod2057355,2652010,https://media.ultainc.com/i/ulta/2652010_sw?img404=2652010&w=80&fmt=auto,f996406bfae30e9553cb5b77bf8261c1eec77e97a84978e44d869c54a83fcfda,80,80,256,187,114,79,#bb724f,55.24,25.31,31.42,0.0,center_median_srgb_v1
pimprod2057355,2652011,https://media.ultainc.com/i/ulta/2652011_sw?img404=2652011&w=80&fmt=auto,3bbb53efb81550ba0aea34b767df1a4471c7d3919c613890f4fc16b271df42d7,80,80,256,208,146,107,#d0926b,65.77,18.91,29.98,0.0,center_median_srgb_v1
pimprod2057355,2652012,https://media.ultainc.com/i/ulta/2652012_sw?img404=2652012&w=80&fmt=auto,62418c98d9bdcd457dc7fc845f98f0acf582caf9eeb6072499f11a2bffe49527,80,80,256,211,145,102,#d39166,65.8,20.21,32.79,0.0,center_median_srgb_v1
pimprod2057355,2652013,https://media.ultainc.com/i/ulta/2652013_sw?img404=2652013&w=80&fmt=auto,c52a52ea468e6b28239bac590a546d822fbe13beee83acc983d69800e54c53cc,80,80,256,201,141,106,#c98d6a,63.76,18.68,27.75,0.0,center_median_srgb_v1
pimprod2057355,2652014,https://media.ultainc.com/i/ulta/2652014_sw?img404=2652014&w=80&fmt=auto,fcfd466e9ce27f9de221c3dd857ab19648eacde0c7dfdd3ecd7c677aaca7b5e8,80,80,256,190,126,90,#be7e5a,58.61,20.88,29.66,0.0,center_median_srgb_v1
pimprod2057355,2652015,https://media.ultainc.com/i/ulta/2652015_sw?img404=2652015&w=80&fmt=auto,84785f1bcccaba3a8312c5d8f8d5c4b98982ad5a58c25646ceeae38e65a8147c,80,80,256,177,112,82,#b17052,53.54,22.52,27.32,0.0,center_median_srgb_v1
pimprod2057355,2652016,https://media.ultainc.com/i/ulta/2652016_sw?img404=2652016&w=80&fmt=auto,b43c91c24d7600a4b362c54f90172a60959ceb5822d49d25637ff52c4516ca96,80,80,256,192,128,98,#c08062,59.46,21.35,26.36,0.0,center_median_srgb_v1
pimprod2057355,2652017,https://media.ultainc.com/i/ulta/2652017_sw?img404=2652017&w=80&fmt=auto,e2f30a0f121e081cd5e8d8bacf66ee887a0c9384fe002284ff79346b83c9f98a,80,80,256,167,106,79,#a76a4f,50.79,21.42,25.24,0.0,center_median_srgb_v1
pimprod2057355,2652018,https://media.ultainc.com/i/ulta/2652018_sw?img404=2652018&w=80&fmt=auto,e55c6b365d961d9d5114ad7ead483365ec36e4d1507d83c5cba7642b64118723,80,80,256,180,116,86,#b47456,54.94,21.9,26.93,0.0,center_median_srgb_v1
pimprod2057355,2652019,https://media.ultainc.com/i/ulta/2652019_sw?img404=2652019&w=80&fmt=auto,58bccab7a1f958eeff17d59da5e3ecc164c75852d5e9cb1430bcd12cccfbd217,80,80,256,184,120,84,#b87854,56.35,21.17,29.96,0.0,center_median_srgb_v1
pimprod2057355,2652020,https://media.ultainc.com/i/ulta/2652020_sw?img404=2652020&w=80&fmt=auto,a3ddc540d28aea7ae5706973c13e2af804c035ba09602de8b0f789f266426ebe,80,80,256,128,68,50,#804432,35.9,23.93,22.24,0.0,center_median_srgb_v1
pimprod2057355,2652021,https://media.ultainc.com/i/ulta/2652021_sw?img404=2652021&w=80&fmt=auto,f716bff56ca0b22559f53697a93867d948193c530a15e7c76f5e142078ab095b,80,80,256,143,77,63,#8f4d3f,40.42,26.28,20.59,0.0,center_median_srgb_v1
pimprod2057355,2652022,https://media.ultainc.com/i/ulta/2652022_sw?img404=2652022&w=80&fmt=auto,5c44d138a31a21837bdbcdbeb1a6605a5220f3252f25ea2e24cfd2f18eb5302f,80,80,256,149,87,62,#95573e,43.59,23.05,25.4,0.0,center_median_srgb_v1
pimprod2057355,2652023,https://media.ultainc.com/i/ulta/2652023_sw?img404=2652023&w=80&fmt=auto,f60dbbbb0841c1f781328d065c3d5a268cdce5403c3898bba59eb0c858d9f812,80,80,256,149,94,71,#955e47,45.43,19.86,22.49,0.0,center_median_srgb_v1
pimprod2057355,2652024,https://media.ultainc.com/i/ulta/2652024_sw?img404=2652024&w=80&fmt=auto,88d1eed11cff9f27254e1d3a5ad6cbdaf77130185d1d949046a1a2a36a4f8155,80,80,256,116,64,52,#744034,33.2,21.25,17.18,0.0,center_median_srgb_v1
pimprod2057355,2652025,https://media.ultainc.com/i/ulta/2652025_sw?img404=2652025&w=80&fmt=auto,c6e59a0ef0d82ba0e9a9a3f9f380c45f097fa656bdce9294458b0652401f1c45,80,80,256,129,79,62,#814f3e,38.91,19.06,18.85,0.0,center_median_srgb_v1
pimprod2057355,2652026,https://media.ultainc.com/i/ulta/2652026_sw?img404=2652026&w=80&fmt=auto,4ac030adda523fa77842e67cbd4c094336ed752cc7b1d3a3e36604fc0bc97703,80,80,256,68,47,44,#442f2c,21.74,9.12,5.73,0.0,center_median_srgb_v1
xlsImpprod5770257,2264064,https://media.ultainc.com/i/ulta/2264064_sw?img404=2264064&w=80&fmt=auto,c09b3be0f916afe8a7fa9353c2488d30c5f74a39bf07e2c8fe7a039bbcec9751,80,80,249,233,203,167,#e9cba7,83.35,5.24,21.86,30.77,center_median_srgb_v1
xlsImpprod5770257,2600193,https://media.ultainc.com/i/ulta/2600193_sw?img404=2600193&w=80&fmt=auto,a6e15a6cac699de49ee5429fe9135ce586b7784824f3b9f0fedd2fc6b79c173a,80,80,243,235,218,202,#ebdaca,88.0,3.23,9.98,22.2,center_median_srgb_v1
xlsImpprod5770257,2599622,https://media.ultainc.com/i/ulta/2599622_sw?img404=2599622&w=80&fmt=auto,77178875186c769c30b63dba55ffe6b64f0c0fcea103c28175c163d34b3c2490,80,80,243,238,211,190,#eed3be,86.25,6.13,13.84,24.86,center_median_srgb_v1
xlsImpprod5770257,2633859,https://media.ultainc.com/i/ulta/2633859_sw?img404=2633859&w=80&fmt=auto,4cbb497cf7153b5be01672816397c7951349d0423d57050f30e7d0b33505e0f5,80,80,256,245,214,190,#f5d6be,87.59,7.14,15.82,16.96,center_median_srgb_v1
xlsImpprod5770257,2600212,https://media.ultainc.com/i/ulta/2600212_sw?img404=2600212&w=80&fmt=auto,97b2b348b207e0d6f3eb3c40716d88afa5a0eeed04815b1993bc38b94c5ef77c,80,80,243,229,205,192,#e5cdc0,84.03,6.29,9.52,26.98,center_median_srgb_v1
xlsImpprod5770257,2264063,https://media.ultainc.com/i/ulta/2264063_sw?img404=2264063&w=80&fmt=auto,83fe97f1956420d52cc52fae17ab0861a31fb04c0a2aa755b05f184976a10f28,80,80,244,234,217,197,#ead9c5,87.56,2.62,11.96,23.49,center_median_srgb_v1
xlsImpprod5770257,2533844,https://media.ultainc.com/i/ulta/2533844_sw?img404=2533844&w=80&fmt=auto,603092d2c203af8691d679560efceba3fb5dd6602fea41b00d71e8640d2adb0b,80,80,245,234,208,185,#ead0b9,85.05,5.5,14.74,26.5,center_median_srgb_v1
xlsImpprod5770257,2633860,https://media.ultainc.com/i/ulta/2633860_sw?img404=2633860&w=80&fmt=auto,9d5fe1cd27cdbfd8466781d0033b14440068ef6a922ebe1e4699008dade18cde,80,80,256,238,187,163,#eebba3,79.82,15.04,19.18,23.2,center_median_srgb_v1
xlsImpprod5770257,2633861,https://media.ultainc.com/i/ulta/2633861_sw?img404=2633861&w=80&fmt=auto,49af9dfd56844c7b646061c9f2fced6506a846bf4ec6973190cbc855f6c796fb,80,80,256,227,176,153,#e3b099,75.88,15.41,18.93,26.66,center_median_srgb_v1
xlsImpprod5770257,2533868,https://media.ultainc.com/i/ulta/2533868_sw?img404=2533868&w=80&fmt=auto,510891dacbb6f6ba4ff7e9b309ca4bb45404b765b771d28f2ba80a35142fb57a,80,80,246,242,201,169,#f2c9a9,83.71,9.96,21.44,30.01,center_median_srgb_v1
xlsImpprod5770257,2633862,https://media.ultainc.com/i/ulta/2633862_sw?img404=2633862&w=80&fmt=auto,103cbd6834d0211e6dc3f1148f41ddbb4e30512c1e6f11168235f52299fc5234,80,80,256,238,182,148,#eeb694,78.33,15.88,25.15,27.56,center_median_srgb_v1
xlsImpprod5770257,2264065,https://media.ultainc.com/i/ulta/2264065_sw?img404=2264065&w=80&fmt=auto,041efb1ae67aadaebd59f0675bcb5bb9ecbb7a44e112a2e3166289e3c39c9955,80,80,247,238,196,157,#eec49d,81.89,9.56,25.21,33.1,center_median_srgb_v1
xlsImpprod5770257,2533859,https://media.ultainc.com/i/ulta/2533859_sw?img404=2533859&w=80&fmt=auto,e61ad77c7285a70848673235883d7f8fce5819cc3f680e09fc1af0fcbc7e0655,80,80,251,231,181,145,#e7b591,77.33,13.33,25.28,40.78,center_median_srgb_v1
xlsImpprod5770257,2633863,https://media.ultainc.com/i/ulta/2633863_sw?img404=2633863&w=80&fmt=auto,4234d5ebec81fda71ee057bbc6cbb871fdd51b11966212e48c50e4d800a0e4ee,80,80,256,224,169,142,#e0a98e,73.66,16.65,21.79,31.34,center_median_srgb_v1
xlsImpprod5770257,2509231,https://media.ultainc.com/i/ulta/2509231_sw?img404=2509231&w=80&fmt=auto,5335dd91cc50723356d2a9798264c087218b821015fd993ed42a1ed354ddd40e,80,80,256,228,173,141,#e4ad8d,75.02,15.96,24.24,43.54,center_median_srgb_v1
xlsImpprod5770257,2533849,https://media.ultainc.com/i/ulta/2533849_sw?img404=2533849&w=80&fmt=auto,e00e1d10c25f3268ec84f0fbd218e5d809336823cf0932fa7e0f9d26b5739ac9,80,80,251,228,165,113,#e4a571,72.63,17.35,36.02,50.61,center_median_srgb_v1
xlsImpprod5770257,2633864,https://media.ultainc.com/i/ulta/2633864_sw?img404=2633864&w=80&fmt=auto,ac7df06acd4fd2d5277d8b85867b95dee68457155553b102d4791327ea10c3aa,80,80,256,217,136,92,#d9885c,64.27,26.67,36.39,43.42,center_median_srgb_v1
xlsImpprod5770257,2599624,https://media.ultainc.com/i/ulta/2599624_sw?img404=2599624&w=80&fmt=auto,6af5448d88ba8963c4dc4efe66b2c0aea0607294b0c5f60cd4f358db8c5a11b1,80,80,256,213,163,122,#d5a37a,70.7,13.25,28.42,45.8,center_median_srgb_v1
xlsImpprod5770257,2264066,https://media.ultainc.com/i/ulta/2264066_sw?img404=2264066&w=80&fmt=auto,77d9ce5b441291f4931c702a91d6a0349a9ba26af55e3423ba3c956d6f540ede,80,80,256,210,134,79,#d2864f,62.78,23.93,41.23,58.82,center_median_srgb_v1
xlsImpprod5770257,2599623,https://media.ultainc.com/i/ulta/2599623_sw?img404=2599623&w=80&fmt=auto,8c3e2cb2413f111104c3e340cc816f849bfd379c1f3d3974b1e44206b781a1d2,80,80,256,208,116,58,#d0743a,58.24,31.53,46.66,62.54,center_median_srgb_v1
xlsImpprod5770257,2509232,https://media.ultainc.com/i/ulta/2509232_sw?img404=2509232&w=80&fmt=auto,e5af4de065ae2c8e74a87ba8014f22c5442fe69c880012ff408437b828389e20,80,80,256,178,89,35,#b25923,47.92,32.57,45.73,62.18,center_median_srgb_v1
xlsImpprod5770257,2633865,https://media.ultainc.com/i/ulta/2633865_sw?img404=2633865&w=80&fmt=auto,e53bac084f527b188c5cf20f613bef908084244081e222035dd4b2dd4b833ab2,80,80,256,195,110,66,#c36e42,55.23,29.85,38.72,50.65,center_median_srgb_v1
xlsImpprod5770257,2533843,https://media.ultainc.com/i/ulta/2533843_sw?img404=2533843&w=80&fmt=auto,31a74f93c594d13a396a27fc339130a3f1fbc3b224e4a55211fb83572678c900,80,80,256,142,65,26,#8e411a,37.13,30.14,37.67,62.16,center_median_srgb_v1
xlsImpprod5770257,2599629,https://media.ultainc.com/i/ulta/2599629_sw?img404=2599629&w=80&fmt=auto,2385ea6a0d644b2925ee024304a3301231d44687fc397bd20db196be3d72a33a,80,80,256,128,68,34,#804422,35.67,22.82,31.31,63.72,center_median_srgb_v1
xlsImpprod5770257,2599971,https://media.ultainc.com/i/ulta/2599971_sw?img404=2599971&w=80&fmt=auto,6f216a5e755a8cf6382cd97e9161c86c29ed572e763c7d46cca3901b22140bb7,80,80,256,117,48,20,#753014,29.28,28.6,31.65,60.7,center_median_srgb_v1
xlsImpprod5770257,2599628,https://media.ultainc.com/i/ulta/2599628_sw?img404=2599628&w=80&fmt=auto,e2b04ef4081faf1f27f935ae5024d1c351ca770b60ee78140c64bd6de2419c5a,80,80,256,102,60,38,#663c26,29.9,16.08,21.28,56.63,center_median_srgb_v1
xlsImpprod5770257,2599626,https://media.ultainc.com/i/ulta/2599626_sw?img404=2599626&w=80&fmt=auto,94e8ee6c22aa8dcdc62f34d2c876f620d787cf4ccbee338c4566f085879d09d1,80,80,256,107,59,33,#6b3b21,30.31,18.6,24.96,57.26,center_median_srgb_v1
xlsImpprod5770257,2599625,https://media.ultainc.com/i/ulta/2599625_sw?img404=2599625&w=80&fmt=auto,73a8308073fb68a22d4ed31b9700a6cdd79e4be6396ecb3654fbeba7be424055,80,80,256,95,49,43,#5f312b,26.17,20.09,13.1,57.02,center_median_srgb_v1
xlsImpprod5770257,2599627,https://media.ultainc.com/i/ulta/2599627_sw?img404=2599627&w=80&fmt=auto,5db0af1bd574a20c15652deeb1a5b194ba33042c90c921475344556752249c11,80,80,256,87,46,34,#572e22,23.99,17.41,15.91,58.83,center_median_srgb_v1
xlsImpprod5770257,2633866,https://media.ultainc.com/i/ulta/2633866_sw?img404=2633866&w=80&fmt=auto,47586b04b8558a5e2ec377057d72448ad518d6603c623194ecb4e1e1fd03ea7e,80,80,256,57,32,20,#392014,15.24,10.59,13.18,54.41,center_median_srgb_v1
pimprod2051406,2635749,https://media.ultainc.com/i/ulta/2635749_sw?img404=2635749&w=80&fmt=auto,ef37039d1733347d798d3972eef58cbdfd3a77929339e955f5511154cd331a3d,80,80,256,231,185,146,#e7b992,78.32,11.33,26.09,0.0,center_median_srgb_v1
pimprod2051406,2652273,https://media.ultainc.com/i/ulta/2652273_sw?img404=2652273&w=80&fmt=auto,3f9973c4700fdbb68a2f88a69cbffef007e1893589cfb234418b8d974c4ef923,80,80,256,237,208,192,#edd0c0,85.47,7.63,11.66,0.0,center_median_srgb_v1
pimprod2051406,2636004,https://media.ultainc.com/i/ulta/2636004_sw?img404=2636004&w=80&fmt=auto,892d48eb1f27075164186da9a15a32f37614695bfa89136a1126660040ff4f89,80,80,256,245,209,185,#f5d1b9,86.27,9.04,16.59,0.0,center_median_srgb_v1
pimprod2051406,2636003,https://media.ultainc.com/i/ulta/2636003_sw?img404=2636003&w=80&fmt=auto,68911be8d4eb4ab756e82f3f424d6b965ff142fac2f8edeb54255eb17aecadea,80,80,256,241,217,187,#f1d9bb,87.93,3.69,17.81,0.0,center_median_srgb_v1
pimprod2051406,2636005,https://media.ultainc.com/i/ulta/2636005_sw?img404=2636005&w=80&fmt=auto,07017b0feb8da1f1ac74712e62b5238ed3f4d5aea535ec38ad106befacc782a9,80,80,256,234,208,173,#ead0ad,84.8,3.82,20.72,0.0,center_median_srgb_v1
pimprod2051406,2652270,https://media.ultainc.com/i/ulta/2652270_sw?img404=2652270&w=80&fmt=auto,eb4d257e22624ca59cfd054609fdb2b3905cee662d0e1238be3fcde2bc6fa9e6,80,80,256,236,193,150,#ecc196,80.84,9.52,27.44,0.0,center_median_srgb_v1
pimprod2051406,2635750,https://media.ultainc.com/i/ulta/2635750_sw?img404=2635750&w=80&fmt=auto,caacb791f34b757f1a38fa1760b377418e28d23b6c18799645610e4eb3a56fe4,80,80,256,242,196,156,#f2c49c,82.25,10.98,26.29,0.0,center_median_srgb_v1
pimprod2051406,2635751,https://media.ultainc.com/i/ulta/2635751_sw?img404=2635751&w=80&fmt=auto,75eb717babb88246e57d5365f6dc0e82e8565d4cfa2a493549b806b972c7de42,80,80,256,231,189,164,#e7bda4,79.65,11.45,18.31,0.0,center_median_srgb_v1
pimprod2051406,2652271,https://media.ultainc.com/i/ulta/2652271_sw?img404=2652271&w=80&fmt=auto,1df954ab27b797f36684cee66c4c06365857fd77bef0ef4f39cead5e3ce93f71,80,80,256,218,180,133,#dab485,75.6,7.36,29.13,0.0,center_median_srgb_v1
pimprod2051406,2635754,https://media.ultainc.com/i/ulta/2635754_sw?img404=2635754&w=80&fmt=auto,18fbee262fb5f87d72a20462fba58531e6628ea75b2518960e634a7b3dbed25b,80,80,256,227,179,133,#e3b385,76.23,11.47,30.13,0.0,center_median_srgb_v1
pimprod2051406,2635752,https://media.ultainc.com/i/ulta/2635752_sw?img404=2635752&w=80&fmt=auto,28a793c60fc96ea6cb9f6f7dc61d7b5d1028518d80f08190660c5f7a22f4f373,80,80,256,223,166,121,#dfa679,72.46,15.56,31.46,0.0,center_median_srgb_v1
pimprod2051406,2635757,https://media.ultainc.com/i/ulta/2635757_sw?img404=2635757&w=80&fmt=auto,3c6ae0e1dcddf56699706cc62336cb6e532896e27eb4719a7152d1a2413808de,80,80,256,236,196,171,#ecc4ab,81.98,10.58,17.88,0.0,center_median_srgb_v1
pimprod2051406,2636030,https://media.ultainc.com/i/ulta/2636030_sw?img404=2636030&w=80&fmt=auto,2035c74f0cbf18f74834ea4cdc865549882eceb888e46821a6c0da0817b3121d,80,80,256,241,197,172,#f1c5ac,82.71,12.07,18.44,0.0,center_median_srgb_v1
pimprod2051406,2636031,https://media.ultainc.com/i/ulta/2636031_sw?img404=2636031&w=80&fmt=auto,1949df8c66cfe2437e81221d9ed87a9a074b93c1e8351e37ed1dbacd4c0c0a86,80,80,256,236,182,153,#ecb699,78.22,15.69,22.3,0.0,center_median_srgb_v1
pimprod2051406,2635758,https://media.ultainc.com/i/ulta/2635758_sw?img404=2635758&w=80&fmt=auto,93e370913cb59c61a2e71e3fe4ced9f4f9203f3046e455c185af32d320ee8a47,80,80,256,234,185,154,#eab99a,78.77,13.45,22.48,0.0,center_median_srgb_v1
pimprod2051406,2635759,https://media.ultainc.com/i/ulta/2635759_sw?img404=2635759&w=80&fmt=auto,30e8885b41cda173a99bb2c437748cc98259735e801f922dc72881eaad93afa4,80,80,256,222,168,129,#dea881,72.97,14.92,27.84,0.0,center_median_srgb_v1
pimprod2051406,2635760,https://media.ultainc.com/i/ulta/2635760_sw?img404=2635760&w=80&fmt=auto,47bc746e386181254100379fb1c6dd63f854499d54aed2d259e040df25bbb36f,80,80,256,238,194,165,#eec2a5,81.55,11.6,20.51,0.0,center_median_srgb_v1
pimprod2051406,2635761,https://media.ultainc.com/i/ulta/2635761_sw?img404=2635761&w=80&fmt=auto,78872dbf3d81d65cd0a689f62003bc52e54b35c0866673019d0ab7a95cef5698,80,80,256,232,193,168,#e8c1a8,80.81,10.25,17.79,0.0,center_median_srgb_v1
pimprod2051406,2635762,https://media.ultainc.com/i/ulta/2635762_sw?img404=2635762&w=80&fmt=auto,9334af0fd22a0b58231f8104ff21912d707b79abad78c055ca3e48fa7c97938c,80,80,256,218,171,135,#daab87,73.4,12.4,25.12,0.0,center_median_srgb_v1
pimprod2051406,2636006,https://media.ultainc.com/i/ulta/2636006_sw?img404=2636006&w=80&fmt=auto,33d4bd82a1bf9485c555e40c41c2b5d362514a4a94056994ef1e11df79698366,80,80,256,236,202,166,#eccaa6,83.35,6.77,22.43,0.0,center_median_srgb_v1
pimprod2051406,2636007,https://media.ultainc.com/i/ulta/2636007_sw?img404=2636007&w=80&fmt=auto,5939707a663692280f8bc2a198efa0da8da42acb9b8cc8b7021d3aae6bd956e1,80,80,256,237,198,165,#edc6a5,82.44,9.12,21.72,0.0,center_median_srgb_v1
pimprod2051406,2636008,https://media.ultainc.com/i/ulta/2636008_sw?img404=2636008&w=80&fmt=auto,7f374accbe1a462a2822fc4d3ed168882ce1272ec969a7a6c572c031a2bfb417,80,80,256,237,179,141,#edb38d,77.38,16.29,27.59,0.0,center_median_srgb_v1
pimprod2051406,2636009,https://media.ultainc.com/i/ulta/2636009_sw?img404=2636009&w=80&fmt=auto,8c4ca92c849682fafc1593d31e9277e0bf3727cac263969c11b60b3d64103a94,80,80,256,224,177,131,#e0b183,75.41,11.12,30.04,0.0,center_median_srgb_v1
pimprod2051406,2636010,https://media.ultainc.com/i/ulta/2636010_sw?img404=2636010&w=80&fmt=auto,ba30e375e0077923335542508f086c6ee5c0dd547202bc701e5431991120888e,80,80,256,226,177,136,#e2b188,75.7,12.47,27.8,0.0,center_median_srgb_v1
pimprod2051406,2636011,https://media.ultainc.com/i/ulta/2636011_sw?img404=2636011&w=80&fmt=auto,b73c00b92d83ea0cb30312e1c9067ba808d130e4d9ded5154c2b9ce2ea25c0e6,80,80,256,230,183,139,#e6b78b,77.61,11.2,28.83,0.0,center_median_srgb_v1
pimprod2051406,2636012,https://media.ultainc.com/i/ulta/2636012_sw?img404=2636012&w=80&fmt=auto,cef3f2e4b7d10631dbaa0b58d05508b734992bc56a4807b1d6486a816ab0a696,80,80,256,239,177,128,#efb180,76.89,16.8,33.86,0.0,center_median_srgb_v1
pimprod2051406,2636013,https://media.ultainc.com/i/ulta/2636013_sw?img404=2636013&w=80&fmt=auto,2db8353b9174c97adc46b785ebf8ca72c54343d703e9831e3b5e7aa753a200a0,80,80,256,233,182,150,#e9b696,77.87,14.17,23.37,0.0,center_median_srgb_v1
pimprod2051406,2636014,https://media.ultainc.com/i/ulta/2636014_sw?img404=2636014&w=80&fmt=auto,4c8722eebd8aa7c1dd66c39af4a8fbe101ca5ee3a2d7bd0e2421b6e9db35d3af,80,80,256,219,169,134,#dba986,73.0,13.75,25.13,0.0,center_median_srgb_v1
pimprod2051406,2636015,https://media.ultainc.com/i/ulta/2636015_sw?img404=2636015&w=80&fmt=auto,1bc7c0de135031922522bcbf52524e408166f3fa336a75ceab14f16a4ac82c04,80,80,256,229,174,125,#e5ae7d,75.09,14.1,32.89,0.0,center_median_srgb_v1
pimprod2051406,2636016,https://media.ultainc.com/i/ulta/2636016_sw?img404=2636016&w=80&fmt=auto,67fe7217ebd4a5c934bd3fcded1e433945afdce95b3fcf3c4e83ade83a88c9c0,80,80,256,229,183,121,#e5b779,77.23,8.93,37.73,0.0,center_median_srgb_v1
pimprod2051406,2636017,https://media.ultainc.com/i/ulta/2636017_sw?img404=2636017&w=80&fmt=auto,f8d087f50f0aa2546ca7f5c7dc91bcee180876bb7b1c9c69949b9720f47ba553,80,80,256,222,170,122,#deaa7a,73.34,13.12,32.06,0.0,center_median_srgb_v1
pimprod2051406,2636018,https://media.ultainc.com/i/ulta/2636018_sw?img404=2636018&w=80&fmt=auto,e6417f894cde859f85920315c6a6f559ba9993298dc2d2b1ad7adc3b072da5cd,80,80,256,222,164,114,#dea472,71.76,15.55,34.25,0.0,center_median_srgb_v1
pimprod2051406,2636019,https://media.ultainc.com/i/ulta/2636019_sw?img404=2636019&w=80&fmt=auto,10d1ef63bac0626c228112ca6fb9fb0e6e51f3240744926a073875f79d06852b,80,80,256,238,193,135,#eec187,80.78,8.67,35.24,0.0,center_median_srgb_v1
pimprod2051406,2636020,https://media.ultainc.com/i/ulta/2636020_sw?img404=2636020&w=80&fmt=auto,e6af43de3f805f43a0e77219d6010de33a77baf9d5c4bae835b5d27772b430be,80,80,256,216,157,113,#d89d71,69.4,16.78,31.62,0.0,center_median_srgb_v1
pimprod2051406,2636107,https://media.ultainc.com/i/ulta/2636107_sw?img404=2636107&w=80&fmt=auto,d9cde2b09beeb951bfad8d75224ba76b2767a403449ae4ea1664004def2f9c9b,80,80,256,213,144,102,#d59066,65.79,21.56,32.83,0.0,center_median_srgb_v1
pimprod2051406,2636021,https://media.ultainc.com/i/ulta/2636021_sw?img404=2636021&w=80&fmt=auto,5095a2cc375bd792a12c182249d22fc981bfab03a2b3794f78aaae504a1fca15,80,80,256,197,138,96,#c58a60,62.42,17.72,31.4,0.0,center_median_srgb_v1
pimprod2051406,2635755,https://media.ultainc.com/i/ulta/2635755_sw?img404=2635755&w=80&fmt=auto,75cd8a5a5078b2327dfaf2ac41eeab42c9b62c6c0fca51fb7556b2cb6bd2ff10,80,80,256,199,137,88,#c78958,62.29,18.4,35.6,0.0,center_median_srgb_v1
pimprod2051406,2636022,https://media.ultainc.com/i/ulta/2636022_sw?img404=2636022&w=80&fmt=auto,e425904a1804750e0e65c5a78d3a366e10a717679aabd0161ee9e5e8cdd66fde,80,80,256,206,139,84,#ce8b54,63.53,19.91,39.42,0.0,center_median_srgb_v1
pimprod2051406,2636023,https://media.ultainc.com/i/ulta/2636023_sw?img404=2636023&w=80&fmt=auto,70605c0d9f97c2fd0a574133be9bb43df2361b32c77c9eaf9627a26fe5440bc7,80,80,256,187,124,81,#bb7c51,57.63,19.95,33.29,0.0,center_median_srgb_v1
pimprod2051406,2635753,https://media.ultainc.com/i/ulta/2635753_sw?img404=2635753&w=80&fmt=auto,266734b089c6f48609c285cb1567ae6aa21523c3f58c430e84b9894727d96d55,80,80,256,171,121,83,#ab7953,55.03,15.02,28.52,0.0,center_median_srgb_v1
pimprod2051406,2636024,https://media.ultainc.com/i/ulta/2636024_sw?img404=2636024&w=80&fmt=auto,056969e79c3836a66548a47c0397d51d257e9c334e7e034c15f7d8596c4e6f3f,80,80,256,183,129,93,#b7815d,58.57,16.58,27.77,0.0,center_median_srgb_v1
pimprod2051406,2635756,https://media.ultainc.com/i/ulta/2635756_sw?img404=2635756&w=80&fmt=auto,dfc50e45d75ec36200ac47e233209cee41fc41927db0dc06bec1fd158f516bf9,80,80,256,145,96,56,#916038,45.18,15.63,30.67,0.0,center_median_srgb_v1
pimprod2051406,2636025,https://media.ultainc.com/i/ulta/2636025_sw?img404=2636025&w=80&fmt=auto,9761b7a526d4b4908ab6f12d825013522bfe25f75f5cad805c48a4de362a16e5,80,80,256,174,116,80,#ae7450,54.1,18.84,29.08,0.0,center_median_srgb_v1
pimprod2051406,2636026,https://media.ultainc.com/i/ulta/2636026_sw?img404=2636026&w=80&fmt=auto,c86dea311e53853625acfa885a8f96e884f77089153fbac1279c4523d7a21317,80,80,256,156,111,80,#9c6f50,50.71,13.99,24.3,0.0,center_median_srgb_v1
pimprod2051406,2636032,https://media.ultainc.com/i/ulta/2636032_sw?img404=2636032&w=80&fmt=auto,7bc01f49a43d66bf64fb384dbc87dd7dd3792b7887cd2f144edd185622767ad9,80,80,256,232,182,144,#e8b690,77.66,13.08,26.27,0.0,center_median_srgb_v1
pimprod2051406,2636033,https://media.ultainc.com/i/ulta/2636033_sw?img404=2636033&w=80&fmt=auto,4ae6533ae6575153eb21d97ece1e7e1a6c12f1cb102d64dec99ae2549e9f77cf,80,80,256,216,156,121,#d89c79,69.3,18.13,27.16,0.0,center_median_srgb_v1
pimprod2051406,2636034,https://media.ultainc.com/i/ulta/2636034_sw?img404=2636034&w=80&fmt=auto,f7d3368932db9fa94884a852bd2fa13051b56358b7a2ae389a4a51ffa3c5bcda,80,80,256,218,164,128,#daa480,71.57,15.37,26.43,0.0,center_median_srgb_v1
pimprod2051406,2635717,https://media.ultainc.com/i/ulta/2635717_sw?img404=2635717&w=80&fmt=auto,94a24430f4659bc03d7dbcd2687688368c80ebf4cc7d0a0c9facf4f387681cc7,80,80,256,216,152,114,#d89872,68.22,19.58,29.54,0.0,center_median_srgb_v1
pimprod2051406,2635718,https://media.ultainc.com/i/ulta/2635718_sw?img404=2635718&w=80&fmt=auto,f5203ed961502d766eeffe7400f5ba9ebb42d1804eeb83ac60886000fd8347f1,80,80,256,226,164,123,#e2a47b,72.33,18.04,30.29,0.0,center_median_srgb_v1
pimprod2051406,2652272,https://media.ultainc.com/i/ulta/2652272_sw?img404=2652272&w=80&fmt=auto,ee6f0643298df864f6230f4849bdf569b8d486e2117941a3cff600eba198aeaa,80,80,256,214,148,108,#d6946c,66.95,20.35,31.09,0.0,center_median_srgb_v1
pimprod2051406,2635719,https://media.ultainc.com/i/ulta/2635719_sw?img404=2635719&w=80&fmt=auto,ae4db73a26b7e58cdeade5ba5fe2b4514fe66391e360ee2d96b5918e05a7dce4,80,80,256,216,150,126,#d8967e,67.96,21.91,22.64,0.0,center_median_srgb_v1
pimprod2051406,2635720,https://media.ultainc.com/i/ulta/2635720_sw?img404=2635720&w=80&fmt=auto,02a46583de4b74916b41944ff829da2c14b82366a2548087b0ad0846abe6b0e4,80,80,256,226,167,135,#e2a787,73.26,17.7,25.07,0.0,center_median_srgb_v1
pimprod2051406,2635721,https://media.ultainc.com/i/ulta/2635721_sw?img404=2635721&w=80&fmt=auto,921d30829ef1b28e5d28110f6aabe4c94405cfea85a60b299aef14b623f30534,80,80,256,188,128,102,#bc8066,59.06,20.12,23.5,0.0,center_median_srgb_v1
pimprod2051406,2635722,https://media.ultainc.com/i/ulta/2635722_sw?img404=2635722&w=80&fmt=auto,df5b45d070dbc1aeb6f7e04fa25158bdc544c23dbdfb43164cb44f144022374b,80,80,256,222,155,108,#de9b6c,69.51,19.83,34.56,0.0,center_median_srgb_v1
pimprod2051406,2635723,https://media.ultainc.com/i/ulta/2635723_sw?img404=2635723&w=80&fmt=auto,bd5e7a635c34d2934ce025530ff70741d9979068ab699f22651954d0d032f3bb,80,80,256,223,150,109,#df966d,68.47,23.0,32.72,0.0,center_median_srgb_v1
pimprod2051406,2635724,https://media.ultainc.com/i/ulta/2635724_sw?img404=2635724&w=80&fmt=auto,d835eed9b41e625c1eaaf53e41a33887755442d0fbb1d45658fdc01b8902f3ee,80,80,256,197,127,89,#c57f59,59.68,23.13,31.75,0.0,center_median_srgb_v1
pimprod2051406,2635725,https://media.ultainc.com/i/ulta/2635725_sw?img404=2635725&w=80&fmt=auto,d6b280d90e522e5cb3da69e2524d4aedfcfff5a8ebf6d68e71761f1afa2ecd66,80,80,256,196,128,91,#c4805b,59.83,22.34,30.81,0.0,center_median_srgb_v1
pimprod2051406,2635726,https://media.ultainc.com/i/ulta/2635726_sw?img404=2635726&w=80&fmt=auto,b40ad0ac3c8d8f2c57f42831c53b45c4d10cfd85b1ba1c09b747307110489b0e,80,80,256,193,130,97,#c18261,60.04,20.56,27.69,0.0,center_median_srgb_v1
pimprod2051406,2635735,https://media.ultainc.com/i/ulta/2635735_sw?img404=2635735&w=80&fmt=auto,4e00674fbe168c6ac4c954334abd3a2cefcbae38e3740ea92296dd6570515e26,80,80,256,182,122,88,#b67a58,56.65,19.58,28.07,0.0,center_median_srgb_v1
pimprod2051406,2635729,https://media.ultainc.com/i/ulta/2635729_sw?img404=2635729&w=80&fmt=auto,30f55618fdb477748a113af5e705ffae8a33e2606325e2280c8e148834a2aedb,80,80,256,173,104,72,#ad6848,50.98,24.45,29.63,0.0,center_median_srgb_v1
pimprod2051406,2635730,https://media.ultainc.com/i/ulta/2635730_sw?img404=2635730&w=80&fmt=auto,f0a87417fcf54d8e40496a9798e0d3b1f25d0dd3ceba9bdec93d78e5348cd28a,80,80,256,184,119,87,#b87757,56.16,21.99,28.04,0.0,center_median_srgb_v1
pimprod2051406,2635731,https://media.ultainc.com/i/ulta/2635731_sw?img404=2635731&w=80&fmt=auto,b41712845738c0d4df988fdaf4c0c1ab3ddc1bb0bd71445d34cfc801ede8f126,80,80,256,158,100,70,#9e6446,48.04,20.18,26.65,0.0,center_median_srgb_v1
pimprod2051406,2635732,https://media.ultainc.com/i/ulta/2635732_sw?img404=2635732&w=80&fmt=auto,7197629febcd5dc17c1f4201520c5e4446a1d4a8645db5070c6162eb3fffbeff,80,80,256,168,104,76,#a8684c,50.39,22.69,26.47,0.0,center_median_srgb_v1
pimprod2051406,2635733,https://media.ultainc.com/i/ulta/2635733_sw?img404=2635733&w=80&fmt=auto,9c07df3c4c049b241b4fb615225723cfb96640c8247c0dd8a1bb42d56befa20f,80,80,256,148,82,57,#945239,42.2,25.06,26.56,0.0,center_median_srgb_v1
pimprod2051406,2635734,https://media.ultainc.com/i/ulta/2635734_sw?img404=2635734&w=80&fmt=auto,9e771eb1f2b64a9bcae33f9424529badf2c65c3ab79051ab8fcdee7b7d42a466,80,80,256,147,86,65,#935641,43.13,23.03,22.99,0.0,center_median_srgb_v1
pimprod2051406,2635736,https://media.ultainc.com/i/ulta/2635736_sw?img404=2635736&w=80&fmt=auto,db58527459b07278be8e2843fa315717527312bcbcca5d688f01e6aba018c4e1,80,80,256,128,80,68,#805044,39.15,18.68,15.47,0.0,center_median_srgb_v1
pimprod2051406,2635746,https://media.ultainc.com/i/ulta/2635746_sw?img404=2635746&w=80&fmt=auto,645008e31c018592bf821661fc98463b5c31fa052ceaa02d38bfb0ea08321069,80,80,256,130,87,70,#825746,41.22,15.63,17.09,0.0,center_median_srgb_v1
pimprod2051406,2636027,https://media.ultainc.com/i/ulta/2636027_sw?img404=2636027&w=80&fmt=auto,b8f79adcc9ca100618fd3cfe39a126fbd624da2c0334ca3f578561142499dea5,80,80,256,140,89,70,#8c5946,43.01,18.79,19.69,0.0,center_median_srgb_v1
pimprod2051406,2636028,https://media.ultainc.com/i/ulta/2636028_sw?img404=2636028&w=80&fmt=auto,fab5311395ac878ed372642f60b014efde2966eca5b436b9a87de7937d5369a5,80,80,256,118,76,54,#764c36,36.53,15.16,20.33,0.0,center_median_srgb_v1
pimprod2051406,2636029,https://media.ultainc.com/i/ulta/2636029_sw?img404=2636029&w=80&fmt=auto,e7f93537f1ab5907e446389d1cece2759bff10d25e875b3bb1284c0d9efce690,80,80,256,94,61,54,#5e3d36,29.37,13.52,10.23,0.0,center_median_srgb_v1
pimprod2051406,2635748,https://media.ultainc.com/i/ulta/2635748_sw?img404=2635748&w=80&fmt=auto,df9f1ccce01e1a7a572695ff14c456f837ecc01f3f394e5e734ac38a1eace181,80,80,256,92,59,50,#5c3b32,28.47,13.35,11.55,0.0,center_median_srgb_v1
pimprod2046452,2627223,https://media.ultainc.com/i/ulta/2627223_sw?img404=2627223&w=80&fmt=auto,3f0ee1af022449c57cf61418215c96ef88bd100d0ce8fe00ee67bcc324ca5984,80,80,256,238,210,190,#eed2be,86.0,6.65,13.49,0.0,center_median_srgb_v1
pimprod2046452,2627233,https://media.ultainc.com/i/ulta/2627233_sw?img404=2627233&w=80&fmt=auto,5faafd64328ad641b79842f15487177f0d1b239f765787bf9c440fa4bd23e8e7,80,80,256,250,225,204,#fae1cc,91.02,5.3,13.4,0.0,center_median_srgb_v1
pimprod2046452,2627217,https://media.ultainc.com/i/ulta/2627217_sw?img404=2627217&w=80&fmt=auto,5ec6eda2630d0b576aba680ba9ebfd76b5781fea215f13772c7a04e2e237142a,80,80,256,234,203,175,#eacbaf,83.6,6.7,18.0,0.0,center_median_srgb_v1
pimprod2046452,2627224,https://media.ultainc.com/i/ulta/2627224_sw?img404=2627224&w=80&fmt=auto,3ac8edbda091733c75472ee1f7f950249fab332c6f81a4621114d320e2a79cc2,80,80,256,235,203,178,#ebcbb2,83.75,7.49,16.63,0.0,center_median_srgb_v1
pimprod2046452,2627216,https://media.ultainc.com/i/ulta/2627216_sw?img404=2627216&w=80&fmt=auto,ae941b9620008d100bd886d2df5b1d16636c9dda6010846385ce4a60a2a9c80e,80,80,256,238,200,171,#eec8ab,83.14,9.23,19.53,0.0,center_median_srgb_v1
pimprod2046452,2628605,https://media.ultainc.com/i/ulta/2628605_sw?img404=2628605&w=80&fmt=auto,6e89a12448dec10c5483267f299bfac56b9682bc595c5a096828c8f13e42ea13,80,80,256,228,185,152,#e4b998,78.15,10.88,22.6,0.0,center_median_srgb_v1
pimprod2046452,2627218,https://media.ultainc.com/i/ulta/2627218_sw?img404=2627218&w=80&fmt=auto,8fab0be965cf5a3135285df75b93d4fcf1053e2f18b40d289b2ad5aa64499a39,80,80,256,236,199,162,#ecc7a2,82.53,7.83,23.42,0.0,center_median_srgb_v1
pimprod2046452,2628606,https://media.ultainc.com/i/ulta/2628606_sw?img404=2628606&w=80&fmt=auto,52e7c3291930e5a2f0ebcdd7b942af13cbe6634f0c5dc656bbcdc7cbd2bc6d1c,80,80,256,232,192,158,#e8c09e,80.36,9.47,22.5,0.0,center_median_srgb_v1
pimprod2046452,2627235,https://media.ultainc.com/i/ulta/2627235_sw?img404=2627235&w=80&fmt=auto,2b89bc3ed842e323dee7cdc187717ef79122ca11e13bd6ac584b4c9542e4928a,80,80,256,208,169,135,#d0a987,71.92,9.51,22.94,0.0,center_median_srgb_v1
pimprod2046452,2627219,https://media.ultainc.com/i/ulta/2627219_sw?img404=2627219&w=80&fmt=auto,5c4cac60beaccdd3a0e62d57ef5ed3e5509490a9a3eb9d39897be29ac7b33d0e,80,80,256,225,176,135,#e1b087,75.33,12.49,27.83,1.22,center_median_srgb_v1
pimprod2046452,2627225,https://media.ultainc.com/i/ulta/2627225_sw?img404=2627225&w=80&fmt=auto,f5572b1e0ae23a79279b5af786ca3ffe61bf8bc34d739a990f828efc0676dd6c,80,80,256,194,154,118,#c29a76,66.44,10.0,24.58,0.0,center_median_srgb_v1
pimprod2046452,2627226,https://media.ultainc.com/i/ulta/2627226_sw?img404=2627226&w=80&fmt=auto,82c662b84a27c7946f397c1cb02c5989f16a775b6ef2ad62740403c0ff72f7c8,80,80,256,208,151,108,#d0976c,67.0,16.28,31.03,0.0,center_median_srgb_v1
pimprod2046452,2627234,https://media.ultainc.com/i/ulta/2627234_sw?img404=2627234&w=80&fmt=auto,0f01b0a4d75e329e1da8450bc296b07831e0b5154bf6c92cd1db0e277aadf197,80,80,256,181,131,96,#b58360,58.88,14.93,26.48,0.0,center_median_srgb_v1
pimprod2046452,2627220,https://media.ultainc.com/i/ulta/2627220_sw?img404=2627220&w=80&fmt=auto,5dc4b33cdde790283eb2f47f92043ce415c1b5ee09a1900a0d7e3d7e726c800e,80,80,256,195,142,110,#c38e6e,63.41,16.1,24.95,0.0,center_median_srgb_v1
pimprod2046452,2627221,https://media.ultainc.com/i/ulta/2627221_sw?img404=2627221&w=80&fmt=auto,faa2d32cf0703b304065db66402a380c036ebac526ffb20d7e687c677f8b6fce,80,80,256,196,150,108,#c4966c,65.46,11.9,28.78,0.0,center_median_srgb_v1
pimprod2046452,2627227,https://media.ultainc.com/i/ulta/2627227_sw?img404=2627227&w=80&fmt=auto,b9051a2a199c51a0d556f0802e636aa8b155d247aab3837dc0db2942f832da70,80,80,256,175,123,81,#af7b51,55.96,15.42,30.9,0.0,center_median_srgb_v1
pimprod2046452,2628603,https://media.ultainc.com/i/ulta/2628603_sw?img404=2628603&w=80&fmt=auto,72e7648e729d994760d72bc1acb6eb7f2556cdd4d796433a5fcb6b918a88c48c,80,80,256,149,93,66,#955d42,45.1,19.96,24.98,0.0,center_median_srgb_v1
pimprod2046452,2627229,https://media.ultainc.com/i/ulta/2627229_sw?img404=2627229&w=80&fmt=auto,b3b5caab37cc7b9dd4ee0958a75029b1d5cd565fc0af6a78026f2296710115fc,80,80,256,156,98,62,#9c623e,47.17,19.79,30.06,0.0,center_median_srgb_v1
pimprod2046452,2628604,https://media.ultainc.com/i/ulta/2628604_sw?img404=2628604&w=80&fmt=auto,7e8a0e16096fff19ee9b901020809765d00358a7ff905dbb04daf149e7b83249,80,80,256,172,117,84,#ac7554,54.17,17.8,26.88,0.0,center_median_srgb_v1
pimprod2046452,2627222,https://media.ultainc.com/i/ulta/2627222_sw?img404=2627222&w=80&fmt=auto,a096eabd8b56a98ccdcc31e4bd82e228a7648feab2ff6931387e8b84eac70c0a,80,80,256,102,62,36,#663e24,30.4,14.68,23.09,0.0,center_median_srgb_v1
pimprod2046452,2627230,https://media.ultainc.com/i/ulta/2627230_sw?img404=2627230&w=80&fmt=auto,d60b247e9ce7011f1df644c2d879991bec544f25e013ef96be2a7747e7b77f03,80,80,256,116,69,35,#744523,34.17,16.87,28.59,0.0,center_median_srgb_v1
pimprod2046452,2627228,https://media.ultainc.com/i/ulta/2627228_sw?img404=2627228&w=80&fmt=auto,e5f928fe3f03453fbdb158b7ed2eb44aaaba7517bd80cbe6d58941bf02f7343c,80,80,256,87,46,28,#572e1c,23.88,16.89,19.64,0.0,center_median_srgb_v1
pimprod2046452,2627232,https://media.ultainc.com/i/ulta/2627232_sw?img404=2627232&w=80&fmt=auto,aefae347c4c40b979fb4eda4dc3581804a0bef5acc72899c7667bfee5ee71f2f,80,80,256,62,38,25,#3e2619,17.83,9.61,13.24,0.0,center_median_srgb_v1
pimprod2046452,2627231,https://media.ultainc.com/i/ulta/2627231_sw?img404=2627231&w=80&fmt=auto,ed5ed2529270376a35527caa6216fec395ad2235a6c4fd99257c5491efdb9d24,80,80,256,73,40,25,#492819,20.06,13.74,16.4,0.0,center_median_srgb_v1
pimprod2044825,2622206,https://media.ultainc.com/i/ulta/2622206_sw?img404=2622206&w=80&fmt=auto,3bc28e22b94a345f3dd7c2724726f359f99f0016916687dace5d766aca6bda47,80,80,256,227,171,135,#e3ab87,74.32,15.95,26.52,1.64,center_median_srgb_v1
